A100JCBNALJFAW,15.0,64.0,4.266666666666667,15.0,17.0,72.0,4.235294117647059,17.0,22.0,83.0,3.772727272727273,22.0
A106016KSI0YQ,8.0,20.0,2.5,8.0,8.0,23.0,2.875,8.0,14.0,49.0,3.5,14.0
A109LWN9DUGPDP,11.0,53.0,4.818181818181818,11.0,7.0,26.0,3.7142857142857144,7.0,19.0,83.0,4.368421052631579,19.0
A10C5CJK1YKGV0,12.0,47.0,3.9166666666666665,12.0,11.0,44.0,4.0,11.0,15.0,58.0,3.8666666666666667,15.0
A10DB0H2NZF11E,17.0,66.0,3.8823529411764706,17.0,13.0,59.0,4.538461538461538,13.0,16.0,65.0,4.0625,16.0
A10E3F50DIUJEE,15.0,65.0,4.333333333333333,15.0,4.0,18.0,4.5,4.0,18.0,77.0,4.277777777777778,18.0
A10HMPPHWI3V0A,13.0,55.0,4.230769230769231,13.0,19.0,77.0,4.052631578947368,19.0,20.0,79.0,3.95,20.0
A10L8O1ZMUIMR2,17.0,77.0,4.529411764705882,17.0,11.0,50.0,4.545454545454546,11.0,14.0,65.0,4.642857142857143,14.0
A10ODC971MDHV8,67.0,335.0,5.0,70.0,75.0,375.0,5.0,75.0,74.0,370.0,5.0,75.0
A10X0JN8KTK89H,11.0,37.0,3.3636363636363638,11.0,17.0,63.0,3.7058823529411766,17.0,13.0,47.0,3.6153846153846154,13.0
A1129LM24YWSZV,23.0,90.0,3.9130434782608696,23.0,18.0,74.0,4.111111111111111,18.0,18.0,74.0,4.111111111111111,18.0
A11C43I615R52G,11.0,47.0,4.2727272727272725,11.0,11.0,55.0,5.0,11.0,14.0,62.0,4.428571428571429,14.0
A11ED8O95W2103,11.0,34.0,3.090909090909091,11.0,11.0,41.0,3.727272727272727,11.0,16.0,62.0,3.875,16.0
A11KRMIA0ES88I,15.0,61.0,4.066666666666666,15.0,19.0,79.0,4.157894736842105,19.0,12.0,51.0,4.25,12.0
A11PTCZ2FM2547,62.0,239.0,3.8548387096774195,65.0,57.0,218.0,3.824561403508772,61.0,68.0,280.0,4.117647058823529,70.0
A11XKY4EIU2KNR,27.0,101.0,3.740740740740741,27.0,19.0,66.0,3.473684210526316,19.0,26.0,105.0,4.038461538461538,26.0
A120GIT50UISJP,11.0,46.0,4.181818181818182,11.0,8.0,31.0,3.875,8.0,16.0,62.0,3.875,16.0
A126KX6FVI4T66,29.0,99.0,3.413793103448276,29.0,43.0,153.0,3.558139534883721,43.0,50.0,176.0,3.52,50.0
A129YBX5BVNW2,13.0,62.0,4.769230769230769,13.0,6.0,28.0,4.666666666666667,6.0,11.0,54.0,4.909090909090909,11.0
A12A8LU93A132U,11.0,40.0,3.6363636363636362,11.0,14.0,49.0,3.5,14.0,22.0,81.0,3.6818181818181817,22.0
A12IDQSS4OW33B,13.0,55.0,4.230769230769231,13.0,8.0,34.0,4.25,8.0,21.0,90.0,4.285714285714286,21.0
A12IRGQLFE4EBA,8.0,31.0,3.875,8.0,14.0,59.0,4.214285714285714,14.0,12.0,48.0,4.0,12.0
A12X2J7AVZ04IQ,60.0,284.0,4.733333333333333,60.0,39.0,186.0,4.769230769230769,39.0,54.0,266.0,4.925925925925926,55.0
A132ETQPMHQ585,2.0,10.0,5.0,2.0,5.0,25.0,5.0,5.0,10.0,50.0,5.0,10.0
A138826JMC0J3T,13.0,50.0,3.8461538461538463,13.0,5.0,16.0,3.2,5.0,10.0,41.0,4.1,10.0
A139ZF7CJVVTJU,20.0,69.0,3.45,20.0,14.0,44.0,3.142857142857143,14.0,20.0,71.0,3.55,20.0
A13D1WTFEMS9VH,8.0,28.0,3.5,8.0,12.0,40.0,3.3333333333333335,13.0,6.0,20.0,3.3333333333333335,6.0
A13DQTXG02HZC1,33.0,122.0,3.696969696969697,33.0,30.0,110.0,3.6666666666666665,30.0,25.0,91.0,3.64,25.0
A13E0ARAXI6KJW,75.0,313.0,4.173333333333333,77.0,73.0,295.0,4.041095890410959,74.0,75.0,313.0,4.173333333333333,77.0
A13F2IV3ME23R,21.0,94.0,4.476190476190476,21.0,19.0,83.0,4.368421052631579,19.0,23.0,101.0,4.391304347826087,23.0
A13H2JJ3GEMJN1,6.0,25.0,4.166666666666667,6.0,4.0,17.0,4.25,4.0,4.0,18.0,4.5,4.0
A13H7Q4JVK6DTV,12.0,56.0,4.666666666666667,12.0,11.0,51.0,4.636363636363637,11.0,15.0,66.0,4.4,15.0
A13IKSGDYNBNQS,60.0,245.0,4.083333333333333,61.0,64.0,271.0,4.234375,64.0,59.0,246.0,4.169491525423729,59.0
A13KXWTN0DT878,7.0,29.0,4.142857142857143,7.0,11.0,49.0,4.454545454545454,11.0,6.0,26.0,4.333333333333333,6.0
A13OMT8D4GPIBV,34.0,152.0,4.470588235294118,34.0,42.0,194.0,4.619047619047619,42.0,39.0,184.0,4.717948717948718,39.0
A13RM1AWD1C5ZR,17.0,61.0,3.588235294117647,17.0,9.0,32.0,3.5555555555555554,9.0,9.0,35.0,3.888888888888889,9.0
A13TO1ZFAH9SVN,23.0,106.0,4.608695652173913,24.0,27.0,122.0,4.518518518518518,28.0,19.0,87.0,4.578947368421052,20.0
A140XH16IKR4B0,35.0,137.0,3.914285714285714,35.0,32.0,128.0,4.0,32.0,57.0,242.0,4.245614035087719,57.0
A141HP4LYPWMSR,53.0,209.0,3.943396226415094,55.0,54.0,222.0,4.111111111111111,55.0,54.0,211.0,3.9074074074074074,56.0
A1435P5AMCPB3X,21.0,80.0,3.8095238095238093,22.0,19.0,78.0,4.105263157894737,20.0,21.0,84.0,4.0,21.0
A146D2LYLICNLS,18.0,66.0,3.6666666666666665,18.0,16.0,63.0,3.9375,17.0,19.0,75.0,3.9473684210526314,20.0
A146H6A41B26QT,15.0,57.0,3.8,15.0,11.0,45.0,4.090909090909091,11.0,10.0,39.0,3.9,10.0
A14Q6R4481YFFG,15.0,53.0,3.533333333333333,15.0,19.0,65.0,3.4210526315789473,19.0,27.0,106.0,3.925925925925926,27.0
A14Z0Q1DU6CBJJ,32.0,115.0,3.59375,35.0,38.0,121.0,3.1842105263157894,41.0,46.0,149.0,3.239130434782609,49.0
A152C8GYY25HAH,57.0,212.0,3.719298245614035,57.0,55.0,210.0,3.8181818181818183,55.0,62.0,248.0,4.0,62.0
A1534MBU6VJXYN,30.0,147.0,4.9,31.0,24.0,117.0,4.875,26.0,35.0,173.0,4.942857142857143,36.0
A153NZD2WZN5S3,12.0,44.0,3.6666666666666665,12.0,10.0,38.0,3.8,10.0,15.0,53.0,3.533333333333333,15.0
A155KXFRZCA7C,22.0,81.0,3.6818181818181817,22.0,12.0,45.0,3.75,12.0,13.0,48.0,3.6923076923076925,13.0
A155X6KYOPQEZ5,5.0,25.0,5.0,5.0,25.0,117.0,4.68,25.0,12.0,60.0,5.0,12.0
A157XTSMJH9XA4,10.0,49.0,4.9,10.0,14.0,66.0,4.714285714285714,14.0,18.0,87.0,4.833333333333333,18.0
A15G70V9OBTOVO,10.0,30.0,3.0,10.0,9.0,26.0,2.888888888888889,10.0,16.0,55.0,3.4375,16.0
A15MLF38WROSWU,11.0,35.0,3.1818181818181817,11.0,13.0,38.0,2.923076923076923,13.0,11.0,32.0,2.909090909090909,11.0
A15Q7ABIU9O9YZ,23.0,90.0,3.9130434782608696,23.0,18.0,79.0,4.388888888888889,18.0,25.0,110.0,4.4,25.0
A15Q9YEG1XPEJN,24.0,69.0,2.875,26.0,18.0,51.0,2.8333333333333335,19.0,21.0,64.0,3.0476190476190474,22.0
A15TNUM2PBS6F0,15.0,57.0,3.8,15.0,11.0,45.0,4.090909090909091,11.0,12.0,46.0,3.8333333333333335,12.0
A15U64VGUV6RBF,8.0,35.0,4.375,9.0,13.0,59.0,4.538461538461538,15.0,17.0,76.0,4.470588235294118,20.0
A15YPJLKLZS0MK,30.0,85.0,2.8333333333333335,30.0,18.0,51.0,2.8333333333333335,18.0,28.0,76.0,2.7142857142857144,28.0
A161ANWB62G3M8,26.0,119.0,4.576923076923077,26.0,36.0,159.0,4.416666666666667,36.0,33.0,150.0,4.545454545454546,33.0
A1655SGPPUUCRP,17.0,73.0,4.294117647058823,18.0,14.0,51.0,3.642857142857143,14.0,21.0,91.0,4.333333333333333,21.0
A168VXSISJWQN9,14.0,50.0,3.5714285714285716,14.0,7.0,28.0,4.0,7.0,12.0,46.0,3.8333333333333335,12.0
A169I83JL8QJGN,13.0,39.0,3.0,13.0,10.0,34.0,3.4,10.0,8.0,24.0,3.0,8.0
A16CZRQL23NOIW,101.0,448.0,4.435643564356436,103.0,115.0,524.0,4.556521739130435,116.0,134.0,602.0,4.492537313432836,137.0
A16FUU8WW76QFY,15.0,38.0,2.533333333333333,15.0,16.0,46.0,2.875,16.0,15.0,54.0,3.6,15.0
A16GAIJJE39T1S,8.0,36.0,4.5,8.0,13.0,61.0,4.6923076923076925,13.0,13.0,61.0,4.6923076923076925,13.0
A16IXZW2A0NFR6,20.0,65.0,3.25,20.0,25.0,82.0,3.28,25.0,19.0,70.0,3.6842105263157894,19.0
A16KRCLLTHSB5F,12.0,51.0,4.25,12.0,10.0,46.0,4.6,10.0,9.0,41.0,4.555555555555555,9.0
A16Q1LYIDE2WDZ,7.0,21.0,3.0,7.0,11.0,31.0,2.8181818181818183,11.0,11.0,43.0,3.909090909090909,11.0
A16QJ649N8PRV,12.0,58.0,4.833333333333333,12.0,18.0,86.0,4.777777777777778,18.0,20.0,94.0,4.7,20.0
A16QODENBJVUI1,75.0,316.0,4.213333333333333,76.0,61.0,272.0,4.459016393442623,61.0,71.0,305.0,4.295774647887324,72.0
A16X61RLY1YJL7,32.0,152.0,4.75,32.0,46.0,220.0,4.782608695652174,46.0,43.0,210.0,4.883720930232558,43.0
A16XRPF40679KG,35.0,134.0,3.8285714285714287,37.0,34.0,143.0,4.205882352941177,34.0,27.0,98.0,3.6296296296296298,28.0
A16YCLRKOU0EV3,5.0,24.0,4.8,5.0,13.0,63.0,4.846153846153846,13.0,13.0,61.0,4.6923076923076925,13.0
A175GIISFGGO31,15.0,69.0,4.6,15.0,22.0,97.0,4.409090909090909,22.0,10.0,42.0,4.2,10.0
A17BT73RVRQYSP,14.0,62.0,4.428571428571429,15.0,16.0,71.0,4.4375,17.0,14.0,62.0,4.428571428571429,17.0
A17D77DFID0GZG,5.0,20.0,4.0,5.0,9.0,31.0,3.4444444444444446,9.0,5.0,20.0,4.0,5.0
A17FLA8HQOFVIG,67.0,278.0,4.149253731343284,67.0,84.0,355.0,4.226190476190476,84.0,77.0,309.0,4.012987012987013,77.0
A17JVVAKWEB0M,17.0,76.0,4.470588235294118,17.0,13.0,58.0,4.461538461538462,13.0,19.0,90.0,4.7368421052631575,19.0
A17LEYMZI8OYOQ,10.0,44.0,4.4,10.0,11.0,51.0,4.636363636363637,11.0,13.0,60.0,4.615384615384615,13.0
A17N23WXA7EAF,15.0,67.0,4.466666666666667,15.0,14.0,65.0,4.642857142857143,14.0,7.0,32.0,4.571428571428571,7.0
A17NFLRFTMYXF5,11.0,52.0,4.7272727272727275,13.0,15.0,72.0,4.8,16.0,19.0,89.0,4.684210526315789,20.0
A17NVM7IAPF2NS,9.0,32.0,3.5555555555555554,11.0,14.0,47.0,3.357142857142857,15.0,21.0,59.0,2.8095238095238093,23.0
A17O7AGDZPOJSS,14.0,67.0,4.785714285714286,14.0,10.0,48.0,4.8,10.0,11.0,52.0,4.7272727272727275,11.0
A1845IJB63D5H7,5.0,19.0,3.8,5.0,6.0,26.0,4.333333333333333,6.0,16.0,67.0,4.1875,16.0
A185QFJRTB5W93,15.0,56.0,3.7333333333333334,15.0,21.0,76.0,3.619047619047619,21.0,21.0,71.0,3.380952380952381,21.0
A18758S1PUYIDT,41.0,154.0,3.7560975609756095,43.0,35.0,124.0,3.5428571428571427,37.0,51.0,193.0,3.784313725490196,54.0
A18BD98SU49UB7,16.0,66.0,4.125,16.0,15.0,62.0,4.133333333333334,15.0,16.0,74.0,4.625,16.0
A18CMGIQZ1OAA2,7.0,34.0,4.857142857142857,7.0,23.0,29.0,1.2608695652173914,23.0,10.0,24.0,2.4,10.0
A18CRS4FLVH5YW,11.0,31.0,2.8181818181818183,11.0,14.0,45.0,3.2142857142857144,14.0,16.0,49.0,3.0625,16.0
A18G7GG53G2X8A,43.0,170.0,3.953488372093023,43.0,30.0,122.0,4.066666666666666,30.0,56.0,229.0,4.089285714285714,57.0
A18GP1PWVTKXQQ,13.0,28.0,2.1538461538461537,13.0,15.0,34.0,2.2666666666666666,15.0,28.0,66.0,2.357142857142857,28.0
A18HHKM6WGEF9D,4.0,17.0,4.25,4.0,4.0,18.0,4.5,4.0,8.0,36.0,4.5,8.0
A18IK6YI6T3RK2,40.0,156.0,3.9,40.0,32.0,125.0,3.90625,32.0,30.0,111.0,3.7,31.0
A18M68DE1Y6W51,8.0,36.0,4.5,8.0,11.0,49.0,4.454545454545454,11.0,9.0,43.0,4.777777777777778,9.0
A18MBO1U4DPY20,45.0,159.0,3.533333333333333,45.0,50.0,171.0,3.42,50.0,51.0,181.0,3.549019607843137,51.0
A18OUQEK7IZ2F2,5.0,18.0,3.6,6.0,22.0,99.0,4.5,22.0,14.0,60.0,4.285714285714286,14.0
A18RQ2URRGIIEA,31.0,136.0,4.387096774193548,31.0,23.0,104.0,4.521739130434782,23.0,32.0,133.0,4.15625,32.0
A18SDN3HYFVH2L,9.0,33.0,3.6666666666666665,9.0,11.0,35.0,3.1818181818181817,11.0,12.0,44.0,3.6666666666666665,12.0
A192KEPM0HW6AC,11.0,49.0,4.454545454545454,11.0,11.0,35.0,3.1818181818181817,11.0,18.0,69.0,3.8333333333333335,18.0
A19JYLHD94K94D,11.0,50.0,4.545454545454546,11.0,20.0,87.0,4.35,20.0,13.0,59.0,4.538461538461538,13.0
A19OQ7LWE2YJL3,14.0,33.0,2.357142857142857,14.0,21.0,81.0,3.857142857142857,21.0,16.0,45.0,2.8125,16.0
A19V0VJMKKRMC8,37.0,164.0,4.4324324324324325,37.0,40.0,164.0,4.1,40.0,41.0,176.0,4.2926829268292686,41.0
A19VMQDCB4HZ9P,28.0,114.0,4.071428571428571,28.0,27.0,120.0,4.444444444444445,27.0,30.0,126.0,4.2,30.0
A19ZXK9HHVRV1X,129.0,404.0,3.131782945736434,131.0,116.0,370.0,3.189655172413793,118.0,151.0,474.0,3.1390728476821192,153.0
A1A535W556ROBQ,18.0,68.0,3.7777777777777777,18.0,25.0,90.0,3.6,25.0,28.0,107.0,3.8214285714285716,28.0
A1A69DJ2KPU4CH,7.0,27.0,3.857142857142857,7.0,8.0,25.0,3.125,8.0,11.0,36.0,3.272727272727273,11.0
A1A87TUBBDPMF0,20.0,87.0,4.35,20.0,25.0,115.0,4.6,25.0,23.0,109.0,4.739130434782608,23.0
A1ADG449ZNEO6Y,14.0,47.0,3.357142857142857,14.0,15.0,50.0,3.3333333333333335,15.0,23.0,83.0,3.608695652173913,23.0
A1AFXJ8U72MD6L,32.0,117.0,3.65625,32.0,27.0,104.0,3.8518518518518516,27.0,27.0,100.0,3.7037037037037037,27.0
A1AISPOIIHTHXX,116.0,468.0,4.0344827586206895,117.0,141.0,589.0,4.177304964539007,141.0,133.0,545.0,4.097744360902255,133.0
A1ALOIPRR8Q06J,25.0,75.0,3.0,25.0,18.0,51.0,2.8333333333333335,19.0,31.0,100.0,3.225806451612903,32.0
A1AMVA4R3G58TV,19.0,88.0,4.631578947368421,19.0,14.0,62.0,4.428571428571429,14.0,27.0,120.0,4.444444444444445,27.0
A1AUOVXPT5MYX4,8.0,37.0,4.625,8.0,15.0,68.0,4.533333333333333,15.0,9.0,42.0,4.666666666666667,9.0
A1AXHNRDJEQ0B,9.0,42.0,4.666666666666667,9.0,11.0,49.0,4.454545454545454,11.0,9.0,44.0,4.888888888888889,9.0
A1AYN3IIUNQCIA,33.0,162.0,4.909090909090909,34.0,31.0,155.0,5.0,31.0,36.0,178.0,4.944444444444445,36.0
A1B05INWIDZ74O,23.0,91.0,3.9565217391304346,23.0,22.0,89.0,4.045454545454546,23.0,20.0,80.0,4.0,21.0
A1B350OHYHQTGX,6.0,26.0,4.333333333333333,6.0,8.0,36.0,4.5,8.0,7.0,28.0,4.0,7.0
A1B8HI3VREI1H3,8.0,35.0,4.375,8.0,13.0,61.0,4.6923076923076925,13.0,11.0,55.0,5.0,11.0
A1BA72K4VK1UN1,6.0,20.0,3.3333333333333335,6.0,14.0,65.0,4.642857142857143,14.0,15.0,70.0,4.666666666666667,15.0
A1BE1OKY80FUBH,7.0,24.0,3.4285714285714284,7.0,12.0,55.0,4.583333333333333,12.0,22.0,88.0,4.0,22.0
A1BJJVV2B5VLUQ,13.0,56.0,4.3076923076923075,14.0,16.0,63.0,3.9375,16.0,17.0,73.0,4.294117647058823,17.0
A1BJOEQSRX2IBM,11.0,54.0,4.909090909090909,11.0,18.0,90.0,5.0,18.0,11.0,53.0,4.818181818181818,11.0
A1C0PHJN6AUZT6,12.0,53.0,4.416666666666667,12.0,9.0,42.0,4.666666666666667,10.0,10.0,44.0,4.4,12.0
A1C2P5HX5RLPAX,15.0,65.0,4.333333333333333,15.0,21.0,89.0,4.238095238095238,21.0,21.0,85.0,4.0476190476190474,21.0
A1C58YXM2A30CY,31.0,131.0,4.225806451612903,31.0,32.0,134.0,4.1875,32.0,57.0,249.0,4.368421052631579,57.0
A1C7BWPATO40VA,13.0,38.0,2.923076923076923,13.0,10.0,30.0,3.0,10.0,8.0,25.0,3.125,8.0
A1C80B497LCYKA,10.0,42.0,4.2,10.0,13.0,60.0,4.615384615384615,13.0,22.0,88.0,4.0,23.0
A1C9GCHR99WX3F,7.0,30.0,4.285714285714286,7.0,9.0,40.0,4.444444444444445,9.0,18.0,79.0,4.388888888888889,18.0
A1CDNTB7377YH2,52.0,214.0,4.115384615384615,52.0,74.0,289.0,3.9054054054054053,75.0,84.0,347.0,4.130952380952381,86.0
A1CDZNPO7U4E6N,21.0,77.0,3.6666666666666665,21.0,17.0,65.0,3.823529411764706,17.0,16.0,70.0,4.375,16.0
A1CIW2OEVAJRM2,13.0,49.0,3.769230769230769,13.0,18.0,75.0,4.166666666666667,18.0,18.0,71.0,3.9444444444444446,18.0
A1CLHLW9PFKG9Q,14.0,49.0,3.5,14.0,15.0,49.0,3.2666666666666666,15.0,19.0,64.0,3.3684210526315788,19.0
A1COG8T9MPP3KA,17.0,56.0,3.2941176470588234,18.0,13.0,38.0,2.923076923076923,13.0,12.0,34.0,2.8333333333333335,14.0
A1COQ2DOO1O9HD,9.0,40.0,4.444444444444445,10.0,18.0,82.0,4.555555555555555,19.0,9.0,37.0,4.111111111111111,10.0
A1COW0UIB5HA9J,62.0,295.0,4.758064516129032,62.0,66.0,312.0,4.7272727272727275,66.0,85.0,399.0,4.694117647058824,86.0
A1CQON0P01BITL,16.0,61.0,3.8125,16.0,14.0,47.0,3.357142857142857,14.0,12.0,48.0,4.0,12.0
A1CYOHNGQ1WED1,27.0,82.0,3.037037037037037,27.0,25.0,80.0,3.2,25.0,32.0,89.0,2.78125,33.0
A1CYRTQ04LYI55,12.0,52.0,4.333333333333333,12.0,13.0,54.0,4.153846153846154,13.0,7.0,30.0,4.285714285714286,7.0
A1CZICCYP2M5PX,13.0,58.0,4.461538461538462,13.0,14.0,62.0,4.428571428571429,14.0,21.0,92.0,4.380952380952381,21.0
A1D2C0WDCSHUWZ,127.0,555.0,4.3700787401574805,127.0,97.0,430.0,4.43298969072165,97.0,113.0,502.0,4.442477876106195,113.0
A1D2ZN57YG2NMH,40.0,184.0,4.6,40.0,41.0,192.0,4.682926829268292,41.0,55.0,251.0,4.5636363636363635,55.0
A1D3XQC2DIT,12.0,49.0,4.083333333333333,12.0,20.0,71.0,3.55,20.0,21.0,80.0,3.8095238095238093,21.0
A1DAOL3NMHEPLS,24.0,83.0,3.4583333333333335,25.0,37.0,128.0,3.4594594594594597,39.0,31.0,110.0,3.5483870967741935,32.0
A1DK5AZMXS1QA3,19.0,73.0,3.8421052631578947,19.0,27.0,107.0,3.962962962962963,27.0,42.0,167.0,3.9761904761904763,42.0
A1DRKVXO300RUE,14.0,52.0,3.7142857142857144,14.0,10.0,40.0,4.0,10.0,21.0,55.0,2.619047619047619,21.0
A1DTCJV6KOMJOA,16.0,77.0,4.8125,16.0,6.0,30.0,5.0,6.0,13.0,63.0,4.846153846153846,13.0
A1DZKOOMMJM1MI,28.0,115.0,4.107142857142857,28.0,25.0,103.0,4.12,25.0,29.0,112.0,3.8620689655172415,31.0
A1E0RPGCXS4L2G,6.0,21.0,3.5,6.0,13.0,47.0,3.6153846153846154,13.0,8.0,31.0,3.875,8.0
A1E11HKN4IRY09,14.0,41.0,2.9285714285714284,14.0,11.0,34.0,3.090909090909091,11.0,16.0,39.0,2.4375,16.0
A1E15WYG9C47X1,20.0,95.0,4.75,23.0,14.0,63.0,4.5,15.0,13.0,59.0,4.538461538461538,14.0
A1E85KPLPYVW8E,18.0,58.0,3.2222222222222223,18.0,6.0,15.0,2.5,6.0,14.0,45.0,3.2142857142857144,14.0
A1EARN5PUVIF1S,17.0,49.0,2.8823529411764706,17.0,6.0,15.0,2.5,6.0,11.0,44.0,4.0,11.0
A1EBJ93E1T50RT,7.0,26.0,3.7142857142857144,7.0,8.0,33.0,4.125,8.0,7.0,31.0,4.428571428571429,7.0
A1EFS5PV3HOFDI,14.0,63.0,4.5,14.0,10.0,41.0,4.1,10.0,14.0,66.0,4.714285714285714,14.0
A1EGDRTJYF3AZK,10.0,46.0,4.6,10.0,11.0,51.0,4.636363636363637,11.0,14.0,65.0,4.642857142857143,14.0
A1EHTFVSD0H7I6,11.0,44.0,4.0,11.0,6.0,23.0,3.8333333333333335,6.0,12.0,45.0,3.75,12.0
A1EI65WJC85U68,13.0,53.0,4.076923076923077,13.0,9.0,34.0,3.7777777777777777,9.0,11.0,41.0,3.727272727272727,11.0
A1EKA9XSI641C9,23.0,87.0,3.782608695652174,25.0,24.0,85.0,3.5416666666666665,24.0,24.0,98.0,4.083333333333333,25.0
A1EMDSTJDUE6B0,36.0,168.0,4.666666666666667,42.0,40.0,175.0,4.375,45.0,48.0,215.0,4.479166666666667,54.0
A1EOLRV216BXJ9,21.0,90.0,4.285714285714286,21.0,24.0,106.0,4.416666666666667,24.0,16.0,77.0,4.8125,17.0
A1ER5AYS3FQ9O3,15.0,61.0,4.066666666666666,16.0,7.0,32.0,4.571428571428571,7.0,21.0,84.0,4.0,22.0
A1ER6IYOMM8VCT,105.0,418.0,3.980952380952381,106.0,139.0,537.0,3.8633093525179856,140.0,142.0,592.0,4.169014084507042,142.0
A1EZMV5DSWU8TU,15.0,64.0,4.266666666666667,15.0,12.0,44.0,3.6666666666666665,12.0,13.0,56.0,4.3076923076923075,13.0
A1F1FOR46702YF,20.0,95.0,4.75,20.0,22.0,103.0,4.681818181818182,22.0,19.0,87.0,4.578947368421052,19.0
A1F2EYORWOZ3G1,13.0,45.0,3.4615384615384617,13.0,9.0,37.0,4.111111111111111,10.0,5.0,15.0,3.0,6.0
A1FCWRSICTO2AH,14.0,49.0,3.5,14.0,19.0,68.0,3.5789473684210527,19.0,21.0,69.0,3.2857142857142856,22.0
A1FDW1SPYKB354,10.0,50.0,5.0,10.0,14.0,69.0,4.928571428571429,14.0,15.0,74.0,4.933333333333334,15.0
A1FFPPPIOSI36M,10.0,33.0,3.3,10.0,9.0,23.0,2.5555555555555554,9.0,14.0,43.0,3.0714285714285716,14.0
A1FG91CM8221X1,33.0,142.0,4.303030303030303,35.0,18.0,78.0,4.333333333333333,19.0,44.0,193.0,4.386363636363637,46.0
A1FMJJKSVQDDQ,58.0,250.0,4.310344827586207,59.0,74.0,334.0,4.513513513513513,74.0,83.0,359.0,4.325301204819277,83.0
A1FNES0QEBJZD1,17.0,79.0,4.647058823529412,17.0,18.0,79.0,4.388888888888889,18.0,19.0,85.0,4.473684210526316,19.0
A1FS9R0JXHLHEG,17.0,75.0,4.411764705882353,17.0,20.0,90.0,4.5,20.0,16.0,72.0,4.5,16.0
A1FZA9C5MVIWHE,8.0,40.0,5.0,8.0,17.0,85.0,5.0,17.0,22.0,104.0,4.7272727272727275,22.0
A1G0VFQ9198IUF,18.0,82.0,4.555555555555555,18.0,21.0,101.0,4.809523809523809,21.0,19.0,91.0,4.7894736842105265,19.0
A1G5LJ8T1IGYC5,16.0,61.0,3.8125,16.0,21.0,87.0,4.142857142857143,21.0,23.0,94.0,4.086956521739131,23.0
A1G5Q9HBN0EGDV,9.0,45.0,5.0,9.0,10.0,50.0,5.0,10.0,18.0,90.0,5.0,18.0
A1G69BQLIUMWPN,9.0,33.0,3.6666666666666665,12.0,13.0,43.0,3.3076923076923075,14.0,14.0,52.0,3.7142857142857144,18.0
A1G9FX1KV45N41,15.0,73.0,4.866666666666666,15.0,14.0,62.0,4.428571428571429,14.0,16.0,76.0,4.75,16.0
A1GB0HW46Y2EB,14.0,49.0,3.5,14.0,19.0,77.0,4.052631578947368,19.0,12.0,37.0,3.0833333333333335,12.0
A1GB1Q193DNFGR,9.0,41.0,4.555555555555555,9.0,14.0,64.0,4.571428571428571,14.0,16.0,68.0,4.25,16.0
A1GD1G8XXPRYQ8,13.0,59.0,4.538461538461538,13.0,12.0,43.0,3.5833333333333335,12.0,18.0,80.0,4.444444444444445,18.0
A1GGOC9PVDXW7Z,60.0,289.0,4.816666666666666,60.0,55.0,239.0,4.345454545454546,56.0,91.0,412.0,4.527472527472527,91.0
A1GHUN5HXMHZ89,66.0,261.0,3.9545454545454546,67.0,57.0,224.0,3.9298245614035086,59.0,67.0,267.0,3.985074626865672,68.0
A1GN8UJIZLCA59,33.0,154.0,4.666666666666667,33.0,32.0,150.0,4.6875,34.0,27.0,121.0,4.481481481481482,27.0
A1GPGBHBI6T2HJ,11.0,47.0,4.2727272727272725,11.0,14.0,61.0,4.357142857142857,14.0,15.0,65.0,4.333333333333333,15.0
A1GSR7RGCG1QYZ,19.0,65.0,3.4210526315789473,19.0,22.0,79.0,3.590909090909091,24.0,19.0,58.0,3.0526315789473686,19.0
A1H4NFXAJQRQ2K,11.0,41.0,3.727272727272727,11.0,16.0,70.0,4.375,16.0,10.0,39.0,3.9,10.0
A1HG2DOSBZEX4I,17.0,70.0,4.117647058823529,17.0,14.0,46.0,3.2857142857142856,14.0,19.0,76.0,4.0,19.0
A1HMBIRR0RJ1NI,13.0,58.0,4.461538461538462,13.0,11.0,54.0,4.909090909090909,12.0,22.0,96.0,4.363636363636363,24.0
A1HO9J4DCQDGP9,12.0,57.0,4.75,12.0,14.0,63.0,4.5,14.0,13.0,58.0,4.461538461538462,13.0
A1HS9F7J51E9CB,7.0,27.0,3.857142857142857,7.0,6.0,23.0,3.8333333333333335,6.0,9.0,34.0,3.7777777777777777,9.0
A1HX00DL0SZM1G,15.0,67.0,4.466666666666667,15.0,20.0,89.0,4.45,20.0,26.0,103.0,3.9615384615384617,26.0
A1I7GHG2XNYO3J,13.0,59.0,4.538461538461538,13.0,13.0,59.0,4.538461538461538,13.0,17.0,84.0,4.9411764705882355,17.0
A1I7QGUDP043DG,43.0,209.0,4.8604651162790695,43.0,51.0,237.0,4.647058823529412,51.0,52.0,247.0,4.75,53.0
A1I9B4PSCDDWOO,22.0,64.0,2.909090909090909,22.0,21.0,70.0,3.3333333333333335,21.0,16.0,58.0,3.625,16.0
A1IANEBSMVGHS9,22.0,98.0,4.454545454545454,22.0,32.0,134.0,4.1875,32.0,24.0,108.0,4.5,24.0
A1IKOYZVFHO1XP,1.0,5.0,5.0,1.0,2.0,10.0,5.0,2.0,6.0,29.0,4.833333333333333,6.0
A1IO3LVYV5ZMK8,10.0,38.0,3.8,10.0,10.0,45.0,4.5,10.0,14.0,57.0,4.071428571428571,14.0
A1IOJE0W1NXOSE,58.0,221.0,3.810344827586207,58.0,44.0,173.0,3.9318181818181817,44.0,55.0,212.0,3.8545454545454545,55.0
A1IUI3CJUMB7J0,27.0,92.0,3.4074074074074074,27.0,21.0,76.0,3.619047619047619,21.0,23.0,78.0,3.391304347826087,23.0
A1IWWRZJOXOSYP,26.0,111.0,4.269230769230769,26.0,26.0,108.0,4.153846153846154,28.0,28.0,112.0,4.0,31.0
A1J03J0HZ7KU5T,30.0,87.0,2.9,32.0,27.0,91.0,3.3703703703703702,27.0,36.0,119.0,3.3055555555555554,36.0
A1J2931UBBJPXM,39.0,178.0,4.564102564102564,39.0,37.0,153.0,4.135135135135135,37.0,46.0,206.0,4.478260869565218,46.0
A1J66TA573ZPRX,18.0,86.0,4.777777777777778,18.0,21.0,102.0,4.857142857142857,21.0,25.0,123.0,4.92,25.0
A1JH5J1KQAUBMP,81.0,306.0,3.7777777777777777,81.0,70.0,262.0,3.742857142857143,70.0,102.0,406.0,3.980392156862745,102.0
A1JJOV69MAU2J2,10.0,36.0,3.6,10.0,14.0,58.0,4.142857142857143,14.0,12.0,48.0,4.0,12.0
A1JKFUUCZRA3Z4,8.0,32.0,4.0,8.0,11.0,44.0,4.0,11.0,8.0,32.0,4.0,8.0
A1JV4QKTEB7QBL,9.0,37.0,4.111111111111111,10.0,9.0,35.0,3.888888888888889,9.0,9.0,37.0,4.111111111111111,9.0
A1JVSIWDF0WT22,21.0,72.0,3.4285714285714284,21.0,21.0,84.0,4.0,21.0,31.0,113.0,3.6451612903225805,31.0
A1K0UT3GA4QQG5,11.0,37.0,3.3636363636363638,11.0,8.0,22.0,2.75,8.0,9.0,25.0,2.7777777777777777,9.0
A1K31NF81TS0CO,21.0,86.0,4.095238095238095,21.0,18.0,64.0,3.5555555555555554,19.0,23.0,95.0,4.130434782608695,23.0
A1K3NQAO49LXL2,11.0,47.0,4.2727272727272725,11.0,10.0,40.0,4.0,10.0,16.0,65.0,4.0625,16.0
A1K94LXX833JTT,11.0,48.0,4.363636363636363,11.0,21.0,93.0,4.428571428571429,21.0,18.0,82.0,4.555555555555555,18.0
A1KALHQD4LWAKO,16.0,76.0,4.75,18.0,15.0,70.0,4.666666666666667,17.0,22.0,105.0,4.7727272727272725,25.0
A1KAR9G699RM56,23.0,81.0,3.5217391304347827,23.0,23.0,81.0,3.5217391304347827,24.0,18.0,65.0,3.611111111111111,19.0
A1KD8NJPZ01R37,9.0,34.0,3.7777777777777777,9.0,11.0,48.0,4.363636363636363,11.0,20.0,84.0,4.2,20.0
A1KDGSZEJXSE9S,11.0,41.0,3.727272727272727,11.0,10.0,45.0,4.5,10.0,9.0,36.0,4.0,9.0
A1KFBAPAKMEQUF,7.0,29.0,4.142857142857143,7.0,7.0,34.0,4.857142857142857,7.0,11.0,46.0,4.181818181818182,11.0
A1KIQ4P4ZW3ALF,12.0,30.0,2.5,12.0,12.0,22.0,1.8333333333333333,12.0,15.0,35.0,2.3333333333333335,15.0
A1KMG1AIUS00DC,20.0,75.0,3.75,20.0,10.0,34.0,3.4,10.0,31.0,116.0,3.7419354838709675,31.0
A1KP0IVWU0RQ0A,17.0,56.0,3.2941176470588234,17.0,29.0,124.0,4.275862068965517,30.0,21.0,90.0,4.285714285714286,21.0
A1KT1GWCW8F80,10.0,40.0,4.0,10.0,18.0,74.0,4.111111111111111,18.0,15.0,56.0,3.7333333333333334,15.0
A1KZQ5DIX0YUE1,3.0,15.0,5.0,3.0,15.0,74.0,4.933333333333334,15.0,11.0,54.0,4.909090909090909,11.0
A1L43KWWR05PCS,91.0,363.0,3.989010989010989,91.0,115.0,494.0,4.2956521739130435,115.0,105.0,438.0,4.171428571428572,105.0
A1L8HRCM60W0W7,51.0,195.0,3.823529411764706,51.0,51.0,198.0,3.8823529411764706,51.0,60.0,245.0,4.083333333333333,60.0
A1L9MIIBI7409N,7.0,27.0,3.857142857142857,9.0,5.0,20.0,4.0,6.0,13.0,52.0,4.0,13.0
A1LBAC84TLIGAX,35.0,138.0,3.942857142857143,35.0,22.0,94.0,4.2727272727272725,22.0,33.0,130.0,3.9393939393939394,33.0
A1LEV4H5ZQ55J2,19.0,93.0,4.894736842105263,20.0,22.0,103.0,4.681818181818182,24.0,17.0,80.0,4.705882352941177,19.0
A1LP6O85Z894GT,11.0,47.0,4.2727272727272725,11.0,10.0,40.0,4.0,10.0,9.0,35.0,3.888888888888889,9.0
A1LSDDSM4PGOU5,21.0,82.0,3.9047619047619047,21.0,22.0,86.0,3.909090909090909,22.0,34.0,128.0,3.764705882352941,34.0
A1LVZOK9F7K4CN,36.0,140.0,3.888888888888889,36.0,31.0,119.0,3.838709677419355,31.0,34.0,128.0,3.764705882352941,34.0
A1LZVU5SRRM3VX,15.0,54.0,3.6,17.0,10.0,44.0,4.4,11.0,13.0,53.0,4.076923076923077,15.0
A1M4NJYP0WNL8Q,24.0,107.0,4.458333333333333,24.0,24.0,106.0,4.416666666666667,24.0,17.0,76.0,4.470588235294118,17.0
A1M9DQDGE07Q0U,20.0,75.0,3.75,23.0,24.0,94.0,3.9166666666666665,25.0,33.0,139.0,4.212121212121212,35.0
A1MJMYLRTZ76ZX,37.0,165.0,4.45945945945946,37.0,30.0,129.0,4.3,30.0,45.0,188.0,4.177777777777778,45.0
A1MX6D3JK6IKDW,15.0,55.0,3.6666666666666665,15.0,17.0,66.0,3.8823529411764706,17.0,17.0,69.0,4.0588235294117645,17.0
A1N0LCPR7O7OLL,15.0,56.0,3.7333333333333334,15.0,16.0,66.0,4.125,16.0,16.0,51.0,3.1875,16.0
A1N49TOJZFG48H,7.0,30.0,4.285714285714286,7.0,16.0,76.0,4.75,16.0,14.0,62.0,4.428571428571429,15.0
A1N7YA81ZI4KAF,10.0,33.0,3.3,10.0,8.0,31.0,3.875,9.0,9.0,34.0,3.7777777777777777,9.0
A1N8K1X0OLLADY,14.0,29.0,2.0714285714285716,14.0,12.0,32.0,2.6666666666666665,12.0,15.0,28.0,1.8666666666666667,15.0
A1NI0VOVXZBM7Y,57.0,179.0,3.1403508771929824,63.0,69.0,246.0,3.5652173913043477,74.0,62.0,206.0,3.3225806451612905,67.0
A1NLZVP501JM5Z,0.0,0.0,0.0,22.0,0.0,0.0,0.0,17.0,0.0,0.0,0.0,18.0
A1NSMQIF1C2VCE,0.0,0.0,0.0,28.0,0.0,0.0,0.0,26.0,0.0,0.0,0.0,26.0
A1NSUJJCG73IRF,0.0,0.0,0.0,56.0,0.0,0.0,0.0,61.0,0.0,0.0,0.0,68.0
A1NV8HZTGKIPXQ,0.0,0.0,0.0,45.0,0.0,0.0,0.0,57.0,0.0,0.0,0.0,49.0
A1NVW4NUXPOSJB,0.0,0.0,0.0,9.0,0.0,0.0,0.0,9.0,0.0,0.0,0.0,13.0
A1O60Q7LBN4MQ,0.0,0.0,0.0,10.0,0.0,0.0,0.0,15.0,0.0,0.0,0.0,19.0
A1OBJ2263JCK5,0.0,0.0,0.0,9.0,0.0,0.0,0.0,4.0,0.0,0.0,0.0,11.0
A1OBPHRXHZF8P6,0.0,0.0,0.0,11.0,0.0,0.0,0.0,11.0,0.0,0.0,0.0,15.0
A1OGPR0AKZ4K7D,0.0,0.0,0.0,7.0,0.0,0.0,0.0,6.0,0.0,0.0,0.0,7.0
A1OS2HX2CWQIC7,0.0,0.0,0.0,9.0,0.0,0.0,0.0,8.0,0.0,0.0,0.0,12.0
A1OYW08VVPMP3Q,0.0,0.0,0.0,19.0,0.0,0.0,0.0,46.0,0.0,0.0,0.0,21.0
A1P2NBM3P3TS2X,0.0,0.0,0.0,36.0,0.0,0.0,0.0,34.0,0.0,0.0,0.0,38.0
A1P6NRWDD1NT4B,0.0,0.0,0.0,11.0,0.0,0.0,0.0,14.0,0.0,0.0,0.0,12.0
A1P98DMX8YUSNW,0.0,0.0,0.0,23.0,0.0,0.0,0.0,15.0,0.0,0.0,0.0,14.0
A1PASRZ81DY9C,0.0,0.0,0.0,28.0,0.0,0.0,0.0,43.0,0.0,0.0,0.0,34.0
A1PCQHQ6NPGL9F,0.0,0.0,0.0,27.0,0.0,0.0,0.0,16.0,0.0,0.0,0.0,40.0
A1PL8JA0TEHBVN,0.0,0.0,0.0,20.0,0.0,0.0,0.0,18.0,0.0,0.0,0.0,26.0
A1POFVVXUZR3IQ,0.0,0.0,0.0,22.0,0.0,0.0,0.0,8.0,0.0,0.0,0.0,30.0
A1PQNUIMLIOJ7R,0.0,0.0,0.0,10.0,0.0,0.0,0.0,10.0,0.0,0.0,0.0,9.0
A1PW6G3EFXCLFJ,0.0,0.0,0.0,12.0,0.0,0.0,0.0,17.0,0.0,0.0,0.0,10.0
A1Q15TP2FXYYMF,0.0,0.0,0.0,19.0,0.0,0.0,0.0,22.0,0.0,0.0,0.0,26.0
A1QFQ9SQZVGUK4,0.0,0.0,0.0,13.0,0.0,0.0,0.0,16.0,0.0,0.0,0.0,15.0
A1QQPIUXWD4G0Z,0.0,0.0,0.0,55.0,0.0,0.0,0.0,65.0,0.0,0.0,0.0,48.0
A1R2ONSLAI3M2X,0.0,0.0,0.0,15.0,0.0,0.0,0.0,11.0,0.0,0.0,0.0,17.0
A1R2URG8OHNEDS,0.0,0.0,0.0,21.0,0.0,0.0,0.0,17.0,0.0,0.0,0.0,20.0
A1R602SXNGOMJ4,0.0,0.0,0.0,67.0,0.0,0.0,0.0,45.0,0.0,0.0,0.0,72.0
A1R8AO9XASQ15C,0.0,0.0,0.0,19.0,0.0,0.0,0.0,13.0,0.0,0.0,0.0,11.0
A1R8LZYZR3377O,0.0,0.0,0.0,11.0,0.0,0.0,0.0,21.0,0.0,0.0,0.0,13.0
A1R9GZ8FC44MF5,0.0,0.0,0.0,29.0,0.0,0.0,0.0,25.0,0.0,0.0,0.0,24.0
A1RECBDKHVOJMW,0.0,0.0,0.0,12.0,0.0,0.0,0.0,16.0,0.0,0.0,0.0,12.0
A1RJXK6KF3LL5R,0.0,0.0,0.0,4.0,0.0,0.0,0.0,7.0,0.0,0.0,0.0,7.0
A1RP6YCOS5VJ5I,0.0,0.0,0.0,65.0,0.0,0.0,0.0,63.0,0.0,0.0,0.0,80.0
A1RSXP7MB772E3,0.0,0.0,0.0,24.0,0.0,0.0,0.0,20.0,0.0,0.0,0.0,31.0
A1S3C5OFU508P3,0.0,0.0,0.0,9.0,0.0,0.0,0.0,8.0,0.0,0.0,0.0,14.0
A1S8AJIUIO6M9K,0.0,0.0,0.0,12.0,0.0,0.0,0.0,11.0,0.0,0.0,0.0,10.0
A1SCD2NYTIAQTY,0.0,0.0,0.0,34.0,0.0,0.0,0.0,21.0,0.0,0.0,0.0,16.0
A1SPB225CVTRUU,0.0,0.0,0.0,23.0,0.0,0.0,0.0,22.0,0.0,0.0,0.0,30.0
A1ST1XBL6EQTBV,0.0,0.0,0.0,11.0,0.0,0.0,0.0,9.0,0.0,0.0,0.0,15.0
A1SVXJZ3386U2D,0.0,0.0,0.0,36.0,0.0,0.0,0.0,36.0,0.0,0.0,0.0,39.0
A1T17LMQABMBN5,0.0,0.0,0.0,13.0,0.0,0.0,0.0,5.0,0.0,0.0,0.0,6.0
A1T3O2LILVK0C4,0.0,0.0,0.0,23.0,0.0,0.0,0.0,16.0,0.0,0.0,0.0,29.0
A1TEMNM9ZEOLJ6,0.0,0.0,0.0,27.0,0.0,0.0,0.0,31.0,0.0,0.0,0.0,33.0
A1TJIJKKN15KR9,0.0,0.0,0.0,42.0,0.0,0.0,0.0,44.0,0.0,0.0,0.0,31.0
A1TJPMB7N776WS,0.0,0.0,0.0,55.0,0.0,0.0,0.0,49.0,0.0,0.0,0.0,44.0
A1TK6R2JSC97HL,0.0,0.0,0.0,38.0,0.0,0.0,0.0,39.0,0.0,0.0,0.0,31.0
A1TKM36EYEQNSM,0.0,0.0,0.0,16.0,0.0,0.0,0.0,29.0,0.0,0.0,0.0,16.0
A1TMAVN4CEM8U8,0.0,0.0,0.0,19.0,0.0,0.0,0.0,34.0,0.0,0.0,0.0,36.0
A1TOH8S8I1VT9R,0.0,0.0,0.0,24.0,0.0,0.0,0.0,7.0,0.0,0.0,0.0,24.0
A1TPW86OHXTXFC,0.0,0.0,0.0,36.0,0.0,0.0,0.0,25.0,0.0,0.0,0.0,40.0
A1TUVJBY0X4M5O,0.0,0.0,0.0,8.0,0.0,0.0,0.0,6.0,0.0,0.0,0.0,8.0
A1TW9ZGRDQQZ2Y,0.0,0.0,0.0,106.0,0.0,0.0,0.0,101.0,0.0,0.0,0.0,142.0
A1TWTULVD6F22O,0.0,0.0,0.0,31.0,0.0,0.0,0.0,24.0,0.0,0.0,0.0,22.0
A1U360OMVQRPUB,0.0,0.0,0.0,14.0,0.0,0.0,0.0,16.0,0.0,0.0,0.0,19.0
A1U6B2LDK3BUVU,0.0,0.0,0.0,18.0,0.0,0.0,0.0,25.0,0.0,0.0,0.0,26.0
A1UFV4HALV2OXW,0.0,0.0,0.0,18.0,0.0,0.0,0.0,9.0,0.0,0.0,0.0,25.0
A1UNJ46NSB352E,0.0,0.0,0.0,14.0,0.0,0.0,0.0,11.0,0.0,0.0,0.0,13.0
A1UOTG037037XY,0.0,0.0,0.0,19.0,0.0,0.0,0.0,15.0,0.0,0.0,0.0,19.0
A1URXSRV6WDHVY,0.0,0.0,0.0,2.0,0.0,0.0,0.0,1.0,0.0,0.0,0.0,4.0
A1V3IO23FZFF9L,0.0,0.0,0.0,40.0,0.0,0.0,0.0,40.0,0.0,0.0,0.0,46.0
A1V3PCKVCJ3TTZ,0.0,0.0,0.0,12.0,0.0,0.0,0.0,9.0,0.0,0.0,0.0,12.0
A1V3TRGWOMA8LC,0.0,0.0,0.0,7.0,0.0,0.0,0.0,9.0,0.0,0.0,0.0,12.0
A1VABWDOUQLULZ,0.0,0.0,0.0,29.0,0.0,0.0,0.0,17.0,0.0,0.0,0.0,27.0
A1VCLTAGM5RLND,0.0,0.0,0.0,53.0,0.0,0.0,0.0,53.0,0.0,0.0,0.0,56.0
A1VCPMT1RRS7K0,0.0,0.0,0.0,14.0,0.0,0.0,0.0,21.0,0.0,0.0,0.0,21.0
A1VJ7HYM1EC94M,0.0,0.0,0.0,12.0,0.0,0.0,0.0,12.0,0.0,0.0,0.0,15.0
A1VQBHHXIKHIGS,0.0,0.0,0.0,28.0,0.0,0.0,0.0,27.0,0.0,0.0,0.0,35.0
A1VTV7GXWSGJ3E,0.0,0.0,0.0,9.0,0.0,0.0,0.0,10.0,0.0,0.0,0.0,9.0
A1VZLLDNLURGJB,0.0,0.0,0.0,40.0,0.0,0.0,0.0,35.0,0.0,0.0,0.0,38.0
A1W702WG1LC6R3,0.0,0.0,0.0,57.0,0.0,0.0,0.0,59.0,0.0,0.0,0.0,65.0
A1WUMTJOASEL5F,0.0,0.0,0.0,13.0,0.0,0.0,0.0,8.0,0.0,0.0,0.0,18.0
A1X054KUYG5V,0.0,0.0,0.0,96.0,0.0,0.0,0.0,105.0,0.0,0.0,0.0,133.0
A1X15AQVSCKKRG,0.0,0.0,0.0,12.0,0.0,0.0,0.0,15.0,0.0,0.0,0.0,14.0
A1X1CEGHTHMBL1,0.0,0.0,0.0,29.0,0.0,0.0,0.0,28.0,0.0,0.0,0.0,39.0
A1X7FS1H4R02W1,0.0,0.0,0.0,9.0,0.0,0.0,0.0,7.0,0.0,0.0,0.0,8.0
A1XJOSJN6FHFO0,0.0,0.0,0.0,17.0,0.0,0.0,0.0,13.0,0.0,0.0,0.0,13.0
A1XN6MBYDBTX16,0.0,0.0,0.0,5.0,0.0,0.0,0.0,4.0,0.0,0.0,0.0,7.0
A1XT8AJB7S9JJG,0.0,0.0,0.0,5.0,0.0,0.0,0.0,6.0,0.0,0.0,0.0,12.0
A1XX5797TIZT5Q,0.0,0.0,0.0,14.0,0.0,0.0,0.0,18.0,0.0,0.0,0.0,18.0
A1Y0HX12MCT6OR,0.0,0.0,0.0,8.0,0.0,0.0,0.0,7.0,0.0,0.0,0.0,14.0
A1Y87E22UVYCE6,0.0,0.0,0.0,20.0,0.0,0.0,0.0,28.0,0.0,0.0,0.0,30.0
A1YB29BIDULEYE,0.0,0.0,0.0,14.0,0.0,0.0,0.0,17.0,0.0,0.0,0.0,26.0
A1YC9XEDFKXPLK,0.0,0.0,0.0,4.0,0.0,0.0,0.0,8.0,0.0,0.0,0.0,8.0
A1YHKSTVSYEYTU,0.0,0.0,0.0,15.0,0.0,0.0,0.0,23.0,0.0,0.0,0.0,22.0
A1YQ6QB2127AJ4,0.0,0.0,0.0,21.0,0.0,0.0,0.0,25.0,0.0,0.0,0.0,27.0
A1YVDY3TISDRE1,0.0,0.0,0.0,10.0,0.0,0.0,0.0,3.0,0.0,0.0,0.0,4.0
A1Z1NQJUJQ5CRO,0.0,0.0,0.0,29.0,0.0,0.0,0.0,26.0,0.0,0.0,0.0,39.0
A1Z2ZN39LL07GI,0.0,0.0,0.0,23.0,0.0,0.0,0.0,30.0,0.0,0.0,0.0,26.0
A1ZH9LWMX5UCFJ,0.0,0.0,0.0,8.0,0.0,0.0,0.0,11.0,0.0,0.0,0.0,6.0
A1ZO30Z16MQ7Y7,0.0,0.0,0.0,23.0,0.0,0.0,0.0,13.0,0.0,0.0,0.0,11.0
A1ZOF747O5EB6R,0.0,0.0,0.0,29.0,0.0,0.0,0.0,22.0,0.0,0.0,0.0,34.0
A1ZS82R4RC0I2N,0.0,0.0,0.0,16.0,0.0,0.0,0.0,18.0,0.0,0.0,0.0,15.0
A1ZTE3K3EN4TS3,0.0,0.0,0.0,14.0,0.0,0.0,0.0,14.0,0.0,0.0,0.0,11.0
A1ZTSOBAPOWT3,0.0,0.0,0.0,29.0,0.0,0.0,0.0,22.0,0.0,0.0,0.0,31.0
A20568D9GRC08W,0.0,0.0,0.0,12.0,0.0,0.0,0.0,17.0,0.0,0.0,0.0,18.0
A20DZX38KRBIT8,0.0,0.0,0.0,34.0,0.0,0.0,0.0,25.0,0.0,0.0,0.0,39.0
A20EEWWSFMZ1PN,0.0,0.0,0.0,72.0,0.0,0.0,0.0,93.0,0.0,0.0,0.0,107.0
A20IIR0422G3A5,0.0,0.0,0.0,16.0,0.0,0.0,0.0,27.0,0.0,0.0,0.0,19.0
A20JYIHL1W1U54,0.0,0.0,0.0,12.0,0.0,0.0,0.0,20.0,0.0,0.0,0.0,25.0
A20LY8E9NGYA4M,0.0,0.0,0.0,20.0,0.0,0.0,0.0,31.0,0.0,0.0,0.0,24.0
A20TJ5P97W5MS1,0.0,0.0,0.0,13.0,0.0,0.0,0.0,20.0,0.0,0.0,0.0,13.0
A20ZFWGBY4REFX,0.0,0.0,0.0,23.0,0.0,0.0,0.0,28.0,0.0,0.0,0.0,20.0
A2198FZZMTJ38H,0.0,0.0,0.0,26.0,0.0,0.0,0.0,52.0,0.0,0.0,0.0,44.0
A2198O25QYUPXE,0.0,0.0,0.0,19.0,0.0,0.0,0.0,16.0,0.0,0.0,0.0,18.0
A21B2TJBWCSK1R,0.0,0.0,0.0,29.0,0.0,0.0,0.0,44.0,0.0,0.0,0.0,48.0
A21VGNU5959O85,0.0,0.0,0.0,14.0,0.0,0.0,0.0,19.0,0.0,0.0,0.0,17.0
A21XVS00AIENLX,0.0,0.0,0.0,17.0,0.0,0.0,0.0,20.0,0.0,0.0,0.0,24.0
A220FJEQNGMSRN,0.0,0.0,0.0,42.0,0.0,0.0,0.0,33.0,0.0,0.0,0.0,54.0
A228JH8V9Y700G,0.0,0.0,0.0,10.0,0.0,0.0,0.0,18.0,0.0,0.0,0.0,16.0
A22AD8M2SSOFHJ,0.0,0.0,0.0,9.0,0.0,0.0,0.0,12.0,0.0,0.0,0.0,7.0
A22BPC7LRSGSYQ,0.0,0.0,0.0,25.0,0.0,0.0,0.0,26.0,0.0,0.0,0.0,22.0
A22J9WI2PDAVJ,0.0,0.0,0.0,20.0,0.0,0.0,0.0,20.0,0.0,0.0,0.0,16.0
A22RY8N8CNDF3A,0.0,0.0,0.0,48.0,0.0,0.0,0.0,50.0,0.0,0.0,0.0,70.0
A22TZUXUKA11SQ,0.0,0.0,0.0,21.0,0.0,0.0,0.0,13.0,0.0,0.0,0.0,25.0
A22VNXHU6IZ5MT,0.0,0.0,0.0,21.0,0.0,0.0,0.0,20.0,0.0,0.0,0.0,32.0
A238M34Z3X2IBD,0.0,0.0,0.0,4.0,0.0,0.0,0.0,11.0,0.0,0.0,0.0,5.0
A239PPUVV8O0U0,0.0,0.0,0.0,19.0,0.0,0.0,0.0,16.0,0.0,0.0,0.0,21.0
A23GFTVIETX7DS,0.0,0.0,0.0,22.0,0.0,0.0,0.0,22.0,0.0,0.0,0.0,24.0
A23L2BR07AOBG1,0.0,0.0,0.0,8.0,0.0,0.0,0.0,14.0,0.0,0.0,0.0,15.0
A23QOAXJSWIBS6,0.0,0.0,0.0,11.0,0.0,0.0,0.0,15.0,0.0,0.0,0.0,11.0
A23XVF23C7BHP0,0.0,0.0,0.0,13.0,0.0,0.0,0.0,9.0,0.0,0.0,0.0,11.0
A243HY69GIAHFI,0.0,0.0,0.0,4.0,0.0,0.0,0.0,5.0,0.0,0.0,0.0,11.0
A244CRJ2QSVLZ4,0.0,0.0,0.0,12.0,0.0,0.0,0.0,9.0,0.0,0.0,0.0,9.0
A24F1UX8ZT5IXY,0.0,0.0,0.0,6.0,0.0,0.0,0.0,14.0,0.0,0.0,0.0,18.0
A24IJY3V0804WJ,0.0,0.0,0.0,14.0,0.0,0.0,0.0,14.0,0.0,0.0,0.0,25.0
A24KZBAAUTC83R,0.0,0.0,0.0,19.0,0.0,0.0,0.0,12.0,0.0,0.0,0.0,15.0
A24ZFFRQ4MG3XL,0.0,0.0,0.0,15.0,0.0,0.0,0.0,20.0,0.0,0.0,0.0,24.0
A2582KMXLK2P06,0.0,0.0,0.0,68.0,0.0,0.0,0.0,66.0,0.0,0.0,0.0,89.0
A258MSMKY2710V,0.0,0.0,0.0,23.0,0.0,0.0,0.0,22.0,0.0,0.0,0.0,17.0
A259F4J3QOBIUH,0.0,0.0,0.0,16.0,0.0,0.0,0.0,12.0,0.0,0.0,0.0,12.0
A25ACLV5KPB4W,0.0,0.0,0.0,8.0,0.0,0.0,0.0,5.0,0.0,0.0,0.0,6.0
A25AXWGBGJ5KBS,0.0,0.0,0.0,18.0,0.0,0.0,0.0,14.0,0.0,0.0,0.0,22.0
A25CMSI6S7S63C,0.0,0.0,0.0,9.0,0.0,0.0,0.0,12.0,0.0,0.0,0.0,12.0
A25HYPL2XKQPZB,0.0,0.0,0.0,19.0,0.0,0.0,0.0,30.0,0.0,0.0,0.0,32.0
A25KKXUQQ0OLWB,0.0,0.0,0.0,18.0,0.0,0.0,0.0,14.0,0.0,0.0,0.0,15.0
A25PM9JGHPU8EI,0.0,0.0,0.0,18.0,0.0,0.0,0.0,24.0,0.0,0.0,0.0,23.0
A25QJBK33C4O0R,0.0,0.0,0.0,8.0,0.0,0.0,0.0,7.0,0.0,0.0,0.0,13.0
A25UZ7MA72SMKM,0.0,0.0,0.0,13.0,0.0,0.0,0.0,11.0,0.0,0.0,0.0,19.0
A25ZVI6RH1KA5L,0.0,0.0,0.0,25.0,0.0,0.0,0.0,25.0,0.0,0.0,0.0,42.0
A267IXCC7UK1HY,0.0,0.0,0.0,6.0,0.0,0.0,0.0,3.0,0.0,0.0,0.0,6.0
A268EEWUXYCA8Q,0.0,0.0,0.0,22.0,0.0,0.0,0.0,17.0,0.0,0.0,0.0,19.0
A26A64X86VL1R4,0.0,0.0,0.0,14.0,0.0,0.0,0.0,20.0,0.0,0.0,0.0,12.0
A26BWRBPP4V2WF,0.0,0.0,0.0,24.0,0.0,0.0,0.0,31.0,0.0,0.0,0.0,36.0
A26HFSVLAGULIM,0.0,0.0,0.0,19.0,0.0,0.0,0.0,29.0,0.0,0.0,0.0,30.0
A26IVJJTXOE85B,0.0,0.0,0.0,14.0,0.0,0.0,0.0,12.0,0.0,0.0,0.0,11.0
A26JGAM6GZMM4V,0.0,0.0,0.0,32.0,0.0,0.0,0.0,46.0,0.0,0.0,0.0,55.0
A26O0T192IBKY1,0.0,0.0,0.0,7.0,0.0,0.0,0.0,3.0,0.0,0.0,0.0,4.0
A26R4PDCZX5SOK,0.0,0.0,0.0,12.0,0.0,0.0,0.0,10.0,0.0,0.0,0.0,18.0
A27CFNHYZG6WS8,0.0,0.0,0.0,3.0,0.0,0.0,0.0,6.0,0.0,0.0,0.0,5.0
A27CHILBK6HIL2,0.0,0.0,0.0,38.0,0.0,0.0,0.0,44.0,0.0,0.0,0.0,40.0
A27FR2C67JPDRS,0.0,0.0,0.0,27.0,0.0,0.0,0.0,18.0,0.0,0.0,0.0,32.0
A27H9DOUGY9FOS,0.0,0.0,0.0,34.0,0.0,0.0,0.0,22.0,0.0,0.0,0.0,38.0
A27NTH2Y9DAR31,0.0,0.0,0.0,8.0,0.0,0.0,0.0,10.0,0.0,0.0,0.0,13.0
A27P0MW8TE1JQP,0.0,0.0,0.0,9.0,0.0,0.0,0.0,9.0,0.0,0.0,0.0,23.0
A27PSZX2SE0B51,0.0,0.0,0.0,24.0,0.0,0.0,0.0,20.0,0.0,0.0,0.0,21.0
A27QZDO1FRRFCV,0.0,0.0,0.0,7.0,0.0,0.0,0.0,13.0,0.0,0.0,0.0,11.0
A27RJ30RN5K9MX,0.0,0.0,0.0,24.0,0.0,0.0,0.0,32.0,0.0,0.0,0.0,32.0
A27W5AJNP6YX7Z,0.0,0.0,0.0,0.0,0.0,0.0,0.0,0.0,0.0,0.0,0.0,3.0
A2809U2S14N0K1,0.0,0.0,0.0,12.0,0.0,0.0,0.0,15.0,0.0,0.0,0.0,21.0
A281NPSIMI1C2R,0.0,0.0,0.0,7.0,0.0,0.0,0.0,4.0,0.0,0.0,0.0,8.0
A284WUQS94AQ7A,0.0,0.0,0.0,13.0,0.0,0.0,0.0,8.0,0.0,0.0,0.0,10.0
A28B7IJR80M8KE,0.0,0.0,0.0,28.0,0.0,0.0,0.0,29.0,0.0,0.0,0.0,41.0
A28GCEHD00JFZG,0.0,0.0,0.0,15.0,0.0,0.0,0.0,14.0,0.0,0.0,0.0,20.0
A28ILXH590CMRJ,0.0,0.0,0.0,13.0,0.0,0.0,0.0,12.0,0.0,0.0,0.0,6.0
A28MM46KI4EQB2,0.0,0.0,0.0,4.0,0.0,0.0,0.0,11.0,0.0,0.0,0.0,17.0
A28OB1QLXN5BM6,0.0,0.0,0.0,25.0,0.0,0.0,0.0,16.0,0.0,0.0,0.0,34.0
A28WJUJF6D2ULA,0.0,0.0,0.0,27.0,0.0,0.0,0.0,22.0,0.0,0.0,0.0,24.0
A293HA28PN3VO4,0.0,0.0,0.0,17.0,0.0,0.0,0.0,14.0,0.0,0.0,0.0,16.0
A294DWRBQUOIK4,0.0,0.0,0.0,2.0,0.0,0.0,0.0,5.0,0.0,0.0,0.0,3.0
A29COAL60SB48B,0.0,0.0,0.0,2.0,0.0,0.0,0.0,4.0,0.0,0.0,0.0,6.0
A29E6IO3DZG6IY,0.0,0.0,0.0,7.0,0.0,0.0,0.0,9.0,0.0,0.0,0.0,9.0
A29IPLCBZ3LIGX,0.0,0.0,0.0,5.0,0.0,0.0,0.0,8.0,0.0,0.0,0.0,7.0
A29IYGR7SNPRIV,0.0,0.0,0.0,9.0,0.0,0.0,0.0,8.0,0.0,0.0,0.0,10.0
A29QA79VLQGHY6,0.0,0.0,0.0,20.0,0.0,0.0,0.0,28.0,0.0,0.0,0.0,37.0
A29R3O02O0PON4,0.0,0.0,0.0,7.0,0.0,0.0,0.0,15.0,0.0,0.0,0.0,13.0
A29R4FCO6RFX4K,0.0,0.0,0.0,56.0,0.0,0.0,0.0,65.0,0.0,0.0,0.0,71.0
A29SJTG21BVWF4,0.0,0.0,0.0,28.0,0.0,0.0,0.0,35.0,0.0,0.0,0.0,36.0
A29TKSIWA3JKF3,0.0,0.0,0.0,6.0,0.0,0.0,0.0,4.0,0.0,0.0,0.0,12.0
A29Y34ALWJUGB5,0.0,0.0,0.0,11.0,0.0,0.0,0.0,10.0,0.0,0.0,0.0,21.0
A2A6NH6DPE0VXR,0.0,0.0,0.0,82.0,0.0,0.0,0.0,69.0,0.0,0.0,0.0,99.0
A2AK7ZFKW08HID,0.0,0.0,0.0,17.0,0.0,0.0,0.0,11.0,0.0,0.0,0.0,18.0
A2AOZQ3WTNVVOK,0.0,0.0,0.0,34.0,0.0,0.0,0.0,57.0,0.0,0.0,0.0,42.0
A2ARRAMXWT83PT,0.0,0.0,0.0,27.0,0.0,0.0,0.0,18.0,0.0,0.0,0.0,35.0
A2ASEBCEN9ZWTZ,0.0,0.0,0.0,12.0,0.0,0.0,0.0,7.0,0.0,0.0,0.0,9.0
A2ASIT0JYIGHTA,0.0,0.0,0.0,37.0,0.0,0.0,0.0,32.0,0.0,0.0,0.0,38.0
A2ATWKOFJXRRR1,0.0,0.0,0.0,96.0,0.0,0.0,0.0,92.0,0.0,0.0,0.0,101.0
A2AVV9LV9UXT6F,0.0,0.0,0.0,10.0,0.0,0.0,0.0,10.0,0.0,0.0,0.0,8.0
A2B3Z2QHW3V35S,0.0,0.0,0.0,50.0,0.0,0.0,0.0,56.0,0.0,0.0,0.0,51.0
A2B73CL3QSYWLB,0.0,0.0,0.0,90.0,0.0,0.0,0.0,104.0,0.0,0.0,0.0,99.0
A2B7BUH8834Y6M,0.0,0.0,0.0,36.0,0.0,0.0,0.0,20.0,0.0,0.0,0.0,24.0
A2B8DJ0CKN9FAO,0.0,0.0,0.0,10.0,0.0,0.0,0.0,12.0,0.0,0.0,0.0,11.0
A2B8GXSCB1R05T,0.0,0.0,0.0,9.0,0.0,0.0,0.0,9.0,0.0,0.0,0.0,6.0
A2BEU7GPGNIG44,0.0,0.0,0.0,4.0,0.0,0.0,0.0,11.0,0.0,0.0,0.0,11.0
A2BFIYZYNK54QX,0.0,0.0,0.0,9.0,0.0,0.0,0.0,10.0,0.0,0.0,0.0,17.0
A2BLITJITO97N5,0.0,0.0,0.0,10.0,0.0,0.0,0.0,10.0,0.0,0.0,0.0,7.0
A2BPDFR58H9575,0.0,0.0,0.0,42.0,0.0,0.0,0.0,41.0,0.0,0.0,0.0,44.0
A2BQBLCKJHP65G,0.0,0.0,0.0,9.0,0.0,0.0,0.0,8.0,0.0,0.0,0.0,8.0
A2BSZPRBKYAB2K,0.0,0.0,0.0,7.0,0.0,0.0,0.0,12.0,0.0,0.0,0.0,5.0
A2BT7IC8PT1ZC9,0.0,0.0,0.0,34.0,0.0,0.0,0.0,36.0,0.0,0.0,0.0,39.0
A2BZ7MYTSNYMEW,0.0,0.0,0.0,6.0,0.0,0.0,0.0,8.0,0.0,0.0,0.0,11.0
A2BZWG2LTJZGBQ,0.0,0.0,0.0,11.0,0.0,0.0,0.0,19.0,0.0,0.0,0.0,23.0
A2C21DQ4FQARGV,0.0,0.0,0.0,8.0,0.0,0.0,0.0,7.0,0.0,0.0,0.0,9.0
A2C27IQUH9N1Z,0.0,0.0,0.0,12.0,0.0,0.0,0.0,15.0,0.0,0.0,0.0,23.0
A2C5LA07JCDWTN,0.0,0.0,0.0,14.0,0.0,0.0,0.0,23.0,0.0,0.0,0.0,24.0
A2C5VLIJMDPWHI,0.0,0.0,0.0,12.0,0.0,0.0,0.0,16.0,0.0,0.0,0.0,18.0
A2C7BOQVFH1HLE,0.0,0.0,0.0,38.0,0.0,0.0,0.0,41.0,0.0,0.0,0.0,43.0
A2CK0VXUDVXGMN,0.0,0.0,0.0,15.0,0.0,0.0,0.0,12.0,0.0,0.0,0.0,19.0
A2CT2SA6KFE8GC,0.0,0.0,0.0,24.0,0.0,0.0,0.0,21.0,0.0,0.0,0.0,27.0
A2CU4L3OK00M23,0.0,0.0,0.0,3.0,0.0,0.0,0.0,3.0,0.0,0.0,0.0,4.0
A2CW9IQAPFEYLM,0.0,0.0,0.0,6.0,0.0,0.0,0.0,7.0,0.0,0.0,0.0,12.0
A2CZPM110DW516,0.0,0.0,0.0,7.0,0.0,0.0,0.0,9.0,0.0,0.0,0.0,13.0
A2D0PJFW2VY8G,0.0,0.0,0.0,17.0,0.0,0.0,0.0,14.0,0.0,0.0,0.0,15.0
A2D7NX9ZYBJZ13,0.0,0.0,0.0,12.0,0.0,0.0,0.0,21.0,0.0,0.0,0.0,23.0
A2D8CUJPOSRPNA,0.0,0.0,0.0,21.0,0.0,0.0,0.0,28.0,0.0,0.0,0.0,33.0
A2D9IEFJGB483Q,0.0,0.0,0.0,4.0,0.0,0.0,0.0,15.0,0.0,0.0,0.0,11.0
A2DAHERP7HYJGO,0.0,0.0,0.0,16.0,0.0,0.0,0.0,24.0,0.0,0.0,0.0,35.0
A2DSXA1E02C86D,0.0,0.0,0.0,24.0,0.0,0.0,0.0,23.0,0.0,0.0,0.0,21.0
A2E0EZ8DO5YSU3,0.0,0.0,0.0,12.0,0.0,0.0,0.0,8.0,0.0,0.0,0.0,16.0
A2E3F04ZK7FG66,0.0,0.0,0.0,32.0,0.0,0.0,0.0,22.0,0.0,0.0,0.0,21.0
A2E3IB2ZHJ7QXJ,0.0,0.0,0.0,18.0,0.0,0.0,0.0,15.0,0.0,0.0,0.0,14.0
A2E9TRM8096BXU,0.0,0.0,0.0,9.0,0.0,0.0,0.0,11.0,0.0,0.0,0.0,11.0
A2EAI4948TW53X,0.0,0.0,0.0,12.0,0.0,0.0,0.0,11.0,0.0,0.0,0.0,8.0
A2EBLL2OYEQJN9,0.0,0.0,0.0,9.0,0.0,0.0,0.0,13.0,0.0,0.0,0.0,17.0
A2EDZH51XHFA9B,0.0,0.0,0.0,95.0,0.0,0.0,0.0,81.0,0.0,0.0,0.0,102.0
A2EENLV6OQ3DYM,0.0,0.0,0.0,6.0,0.0,0.0,0.0,10.0,0.0,0.0,0.0,10.0
A2EEUQ81DTY7G3,0.0,0.0,0.0,42.0,0.0,0.0,0.0,42.0,0.0,0.0,0.0,43.0
A2EGK0YRDF4ZZB,0.0,0.0,0.0,5.0,0.0,0.0,0.0,7.0,0.0,0.0,0.0,5.0
A2EIK4L9730WWJ,0.0,0.0,0.0,15.0,0.0,0.0,0.0,12.0,0.0,0.0,0.0,18.0
A2EUG9W2IAVCT,0.0,0.0,0.0,12.0,0.0,0.0,0.0,21.0,0.0,0.0,0.0,16.0
A2F3M93RRLFQNJ,0.0,0.0,0.0,22.0,0.0,0.0,0.0,9.0,0.0,0.0,0.0,19.0
A2F3SXHT6RBV81,0.0,0.0,0.0,8.0,0.0,0.0,0.0,8.0,0.0,0.0,0.0,20.0
A2F7CCPK4QL359,0.0,0.0,0.0,6.0,0.0,0.0,0.0,2.0,0.0,0.0,0.0,8.0
A2F8R40Z2OMIJM,0.0,0.0,0.0,6.0,0.0,0.0,0.0,12.0,0.0,0.0,0.0,13.0
A2FBIF1FKBC193,0.0,0.0,0.0,12.0,0.0,0.0,0.0,10.0,0.0,0.0,0.0,18.0
A2FEGRJQNU51P9,0.0,0.0,0.0,20.0,0.0,0.0,0.0,25.0,0.0,0.0,0.0,23.0
A2FEJIORC1MBG3,0.0,0.0,0.0,8.0,0.0,0.0,0.0,6.0,0.0,0.0,0.0,18.0
A2FFYQZPUGOX58,0.0,0.0,0.0,9.0,0.0,0.0,0.0,14.0,0.0,0.0,0.0,12.0
A2FPDWTD9AENVK,0.0,0.0,0.0,8.0,0.0,0.0,0.0,12.0,0.0,0.0,0.0,10.0
A2FRKEXDXDN1KI,0.0,0.0,0.0,27.0,0.0,0.0,0.0,28.0,0.0,0.0,0.0,36.0
A2FS38D943KX12,0.0,0.0,0.0,9.0,0.0,0.0,0.0,16.0,0.0,0.0,0.0,14.0
A2FTHCGH06O4Y5,0.0,0.0,0.0,20.0,0.0,0.0,0.0,25.0,0.0,0.0,0.0,24.0
A2FWEZ0QS8N7A7,0.0,0.0,0.0,9.0,0.0,0.0,0.0,7.0,0.0,0.0,0.0,12.0
A2G6GO4O7EVCPF,0.0,0.0,0.0,11.0,0.0,0.0,0.0,12.0,0.0,0.0,0.0,13.0
A2G8D1VN3MVB6F,0.0,0.0,0.0,15.0,0.0,0.0,0.0,7.0,0.0,0.0,0.0,8.0
A2G8IR6ENZSQHF,0.0,0.0,0.0,12.0,0.0,0.0,0.0,7.0,0.0,0.0,0.0,12.0
A2GA2SO3YK6CXI,0.0,0.0,0.0,16.0,0.0,0.0,0.0,16.0,0.0,0.0,0.0,11.0
A2GANR9I6XHTU9,0.0,0.0,0.0,4.0,0.0,0.0,0.0,11.0,0.0,0.0,0.0,7.0
A2GB5CG77LGQRB,0.0,0.0,0.0,9.0,0.0,0.0,0.0,6.0,0.0,0.0,0.0,6.0
A2GBJQ9THOYDAJ,0.0,0.0,0.0,23.0,0.0,0.0,0.0,28.0,0.0,0.0,0.0,21.0
A2GCHG6U8HTVIT,0.0,0.0,0.0,22.0,0.0,0.0,0.0,17.0,0.0,0.0,0.0,30.0
A2GMUNBN9HKRZS,0.0,0.0,0.0,9.0,0.0,0.0,0.0,10.0,0.0,0.0,0.0,13.0
A2GPEV42IO41CI,0.0,0.0,0.0,42.0,0.0,0.0,0.0,37.0,0.0,0.0,0.0,55.0
A2GPN2VKS8E77C,0.0,0.0,0.0,52.0,0.0,0.0,0.0,44.0,0.0,0.0,0.0,43.0
A2GYX971VETQBV,0.0,0.0,0.0,14.0,0.0,0.0,0.0,14.0,0.0,0.0,0.0,20.0
A2H1WNB30JNAWU,0.0,0.0,0.0,11.0,0.0,0.0,0.0,9.0,0.0,0.0,0.0,12.0
A2H22I2RWE0HOV,0.0,0.0,0.0,12.0,0.0,0.0,0.0,17.0,0.0,0.0,0.0,17.0
A2H44WVZS59KKT,0.0,0.0,0.0,4.0,0.0,0.0,0.0,5.0,0.0,0.0,0.0,15.0
A2HII4U9WQ0XUV,0.0,0.0,0.0,26.0,0.0,0.0,0.0,22.0,0.0,0.0,0.0,45.0
A2HJB9J5O5CLPB,0.0,0.0,0.0,17.0,0.0,0.0,0.0,26.0,0.0,0.0,0.0,29.0
A2HJZ2KN9YA9L2,0.0,0.0,0.0,15.0,0.0,0.0,0.0,19.0,0.0,0.0,0.0,22.0
A2HVL790PBWYTU,0.0,0.0,0.0,51.0,0.0,0.0,0.0,50.0,0.0,0.0,0.0,64.0
A2HW33PQSRHLNO,0.0,0.0,0.0,24.0,0.0,0.0,0.0,23.0,0.0,0.0,0.0,27.0
A2HWD9PTM7RBXN,0.0,0.0,0.0,9.0,0.0,0.0,0.0,2.0,0.0,0.0,0.0,6.0
A2I6MHMAZZDCRX,0.0,0.0,0.0,39.0,0.0,0.0,0.0,33.0,0.0,0.0,0.0,51.0
A2I7ZAB04Q0DML,0.0,0.0,0.0,11.0,0.0,0.0,0.0,13.0,0.0,0.0,0.0,19.0
A2ICW5OUWX2A2V,0.0,0.0,0.0,9.0,0.0,0.0,0.0,11.0,0.0,0.0,0.0,8.0
A2II09GQGWOMTQ,0.0,0.0,0.0,21.0,0.0,0.0,0.0,25.0,0.0,0.0,0.0,25.0
A2INL3AYAT6325,0.0,0.0,0.0,18.0,0.0,0.0,0.0,15.0,0.0,0.0,0.0,28.0
A2IY9M330NKBW6,0.0,0.0,0.0,4.0,0.0,0.0,0.0,1.0,0.0,0.0,0.0,3.0
A2IZIYYCEGOMEU,0.0,0.0,0.0,34.0,0.0,0.0,0.0,31.0,0.0,0.0,0.0,42.0
A2J57EQ9KPGXR9,0.0,0.0,0.0,40.0,0.0,0.0,0.0,39.0,0.0,0.0,0.0,41.0
A2JDYUSI2RILEB,0.0,0.0,0.0,8.0,0.0,0.0,0.0,12.0,0.0,0.0,0.0,12.0
A2JHHYYOOO4DS6,0.0,0.0,0.0,18.0,0.0,0.0,0.0,17.0,0.0,0.0,0.0,13.0
A2JP0URFHXP6DO,0.0,0.0,0.0,25.0,0.0,0.0,0.0,16.0,0.0,0.0,0.0,13.0
A2JTD6D79HNA5X,0.0,0.0,0.0,8.0,0.0,0.0,0.0,8.0,0.0,0.0,0.0,15.0
A2JXAQ92WYPAAR,0.0,0.0,0.0,10.0,0.0,0.0,0.0,7.0,0.0,0.0,0.0,12.0
A2JYIDH7JIG48H,0.0,0.0,0.0,16.0,0.0,0.0,0.0,8.0,0.0,0.0,0.0,16.0
A2K3L0DOPQQ697,0.0,0.0,0.0,6.0,0.0,0.0,0.0,25.0,0.0,0.0,0.0,18.0
A2KB14WCZ1DVE3,0.0,0.0,0.0,9.0,0.0,0.0,0.0,16.0,0.0,0.0,0.0,15.0
A2KG8WLR1AKO12,0.0,0.0,0.0,11.0,0.0,0.0,0.0,16.0,0.0,0.0,0.0,22.0
A2KW2KWKABNYNO,0.0,0.0,0.0,12.0,0.0,0.0,0.0,9.0,0.0,0.0,0.0,10.0
A2KWQ64TRHB3YH,0.0,0.0,0.0,14.0,0.0,0.0,0.0,10.0,0.0,0.0,0.0,12.0
A2L7WYA5OENV03,0.0,0.0,0.0,9.0,0.0,0.0,0.0,12.0,0.0,0.0,0.0,14.0
A2LAA9SCENXLKN,0.0,0.0,0.0,9.0,0.0,0.0,0.0,13.0,0.0,0.0,0.0,11.0
A2LBG01YBSUP96,0.0,0.0,0.0,19.0,0.0,0.0,0.0,20.0,0.0,0.0,0.0,22.0
A2LGRPM88JDWP6,0.0,0.0,0.0,13.0,0.0,0.0,0.0,5.0,0.0,0.0,0.0,7.0
A2LR4NR0G8KO7C,0.0,0.0,0.0,15.0,0.0,0.0,0.0,12.0,0.0,0.0,0.0,21.0
A2LSRBVD2MK3PL,0.0,0.0,0.0,3.0,0.0,0.0,0.0,6.0,0.0,0.0,0.0,15.0
A2LW5AL0KQ9P1M,0.0,0.0,0.0,8.0,0.0,0.0,0.0,16.0,0.0,0.0,0.0,11.0
A2LXG7XUQNZO6E,0.0,0.0,0.0,7.0,0.0,0.0,0.0,4.0,0.0,0.0,0.0,10.0
A2M1N8G4W4END8,0.0,0.0,0.0,7.0,0.0,0.0,0.0,11.0,0.0,0.0,0.0,19.0
A2M597GCCE1N2S,0.0,0.0,0.0,18.0,0.0,0.0,0.0,12.0,0.0,0.0,0.0,18.0
A2M5FI4CB6VUXF,0.0,0.0,0.0,17.0,0.0,0.0,0.0,24.0,0.0,0.0,0.0,16.0
A2MFNDNS1L7D16,0.0,0.0,0.0,22.0,0.0,0.0,0.0,24.0,0.0,0.0,0.0,27.0
A2MG8DHACXH5MS,0.0,0.0,0.0,21.0,0.0,0.0,0.0,24.0,0.0,0.0,0.0,27.0
A2MNMZMM6BGLTA,0.0,0.0,0.0,38.0,0.0,0.0,0.0,46.0,0.0,0.0,0.0,44.0
A2MQQI4UYT9C11,0.0,0.0,0.0,13.0,0.0,0.0,0.0,21.0,0.0,0.0,0.0,21.0
A2MS6UV7ZGTMLR,0.0,0.0,0.0,13.0,0.0,0.0,0.0,12.0,0.0,0.0,0.0,10.0
A2MUD2VY9HWFXQ,0.0,0.0,0.0,13.0,0.0,0.0,0.0,13.0,0.0,0.0,0.0,13.0
A2MYUI8IT6UBUU,0.0,0.0,0.0,17.0,0.0,0.0,0.0,23.0,0.0,0.0,0.0,28.0
A2N69DJM8NVYZ6,0.0,0.0,0.0,14.0,0.0,0.0,0.0,19.0,0.0,0.0,0.0,13.0
A2NBOL825B93OM,0.0,0.0,0.0,22.0,0.0,0.0,0.0,15.0,0.0,0.0,0.0,12.0
A2NJO6YE954DBH,0.0,0.0,0.0,142.0,0.0,0.0,0.0,134.0,0.0,0.0,0.0,158.0
A2NOZB6VZCTOI4,0.0,0.0,0.0,7.0,0.0,0.0,0.0,15.0,0.0,0.0,0.0,9.0
A2NUHWMHA9XNKV,0.0,0.0,0.0,48.0,0.0,0.0,0.0,57.0,0.0,0.0,0.0,59.0
A2NX5UZ6WEZF0R,0.0,0.0,0.0,9.0,0.0,0.0,0.0,12.0,0.0,0.0,0.0,14.0
A2NX99GVAX4TRP,0.0,0.0,0.0,13.0,0.0,0.0,0.0,8.0,0.0,0.0,0.0,10.0
A2NYQCLFQRTI74,0.0,0.0,0.0,14.0,0.0,0.0,0.0,13.0,0.0,0.0,0.0,17.0
A2NZAGMAS7N5ZP,0.0,0.0,0.0,21.0,0.0,0.0,0.0,19.0,0.0,0.0,0.0,14.0
A2O97GKCSISM3F,0.0,0.0,0.0,4.0,0.0,0.0,0.0,8.0,0.0,0.0,0.0,7.0
A2OCJNB6B46OKP,0.0,0.0,0.0,21.0,0.0,0.0,0.0,12.0,0.0,0.0,0.0,29.0
A2ODBHT4URXVXQ,0.0,0.0,0.0,29.0,0.0,0.0,0.0,14.0,0.0,0.0,0.0,25.0
A2OFSDJB3MVQ16,0.0,0.0,0.0,45.0,0.0,0.0,0.0,43.0,0.0,0.0,0.0,44.0
A2OLJM7IREKPWZ,0.0,0.0,0.0,14.0,0.0,0.0,0.0,21.0,0.0,0.0,0.0,15.0
A2OU415LB9I5J6,0.0,0.0,0.0,11.0,0.0,0.0,0.0,11.0,0.0,0.0,0.0,13.0
A2OXDJP1Z3LNOK,0.0,0.0,0.0,18.0,0.0,0.0,0.0,12.0,0.0,0.0,0.0,16.0
A2P2JXU9JEYNV3,0.0,0.0,0.0,11.0,0.0,0.0,0.0,12.0,0.0,0.0,0.0,9.0
A2P49WD75WHAG5,0.0,0.0,0.0,13.0,0.0,0.0,0.0,13.0,0.0,0.0,0.0,27.0
A2PBV1899CX3TE,0.0,0.0,0.0,33.0,0.0,0.0,0.0,23.0,0.0,0.0,0.0,28.0
A2PIX2K56IZZYX,0.0,0.0,0.0,6.0,0.0,0.0,0.0,12.0,0.0,0.0,0.0,13.0
A2PMQH87R1H3QU,0.0,0.0,0.0,18.0,0.0,0.0,0.0,17.0,0.0,0.0,0.0,21.0
A2PN7Z2VTHICL8,0.0,0.0,0.0,29.0,0.0,0.0,0.0,27.0,0.0,0.0,0.0,32.0
A2PNTEDGMOLMOY,0.0,0.0,0.0,56.0,0.0,0.0,0.0,51.0,0.0,0.0,0.0,57.0
A2PR6NXG0PA3KY,0.0,0.0,0.0,9.0,0.0,0.0,0.0,4.0,0.0,0.0,0.0,13.0
A2PV6GK1HV54Y9,0.0,0.0,0.0,82.0,0.0,0.0,0.0,84.0,0.0,0.0,0.0,96.0
A2PXHFGJZBNLXB,0.0,0.0,0.0,14.0,0.0,0.0,0.0,22.0,0.0,0.0,0.0,20.0
A2Q13PHEXGR48Q,0.0,0.0,0.0,9.0,0.0,0.0,0.0,23.0,0.0,0.0,0.0,18.0
A2Q457CES5ZUZ,0.0,0.0,0.0,5.0,0.0,0.0,0.0,6.0,0.0,0.0,0.0,16.0
A2Q5Y2EMS6KDWI,0.0,0.0,0.0,6.0,0.0,0.0,0.0,3.0,0.0,0.0,0.0,9.0
A2Q7YBUV8IPTLW,0.0,0.0,0.0,7.0,0.0,0.0,0.0,7.0,0.0,0.0,0.0,1.0
A2QH5NMHW1KTJ1,0.0,0.0,0.0,20.0,0.0,0.0,0.0,16.0,0.0,0.0,0.0,16.0
A2QHM5HBSIXRL4,0.0,0.0,0.0,25.0,0.0,0.0,0.0,27.0,0.0,0.0,0.0,26.0
A2QQHIY23PL7H3,0.0,0.0,0.0,14.0,0.0,0.0,0.0,18.0,0.0,0.0,0.0,16.0
A2R1HAXRNU0QX7,0.0,0.0,0.0,51.0,0.0,0.0,0.0,37.0,0.0,0.0,0.0,58.0
A2R4XG0L7Z01V8,0.0,0.0,0.0,88.0,0.0,0.0,0.0,93.0,0.0,0.0,0.0,104.0
A2R6RA8FRBS608,0.0,0.0,0.0,29.0,0.0,0.0,0.0,27.0,0.0,0.0,0.0,31.0
A2RDR5G65D9H84,0.0,0.0,0.0,18.0,0.0,0.0,0.0,21.0,0.0,0.0,0.0,23.0
A2RFG9LI7JDILS,0.0,0.0,0.0,15.0,0.0,0.0,0.0,10.0,0.0,0.0,0.0,15.0
A2RH7ARWQSUVQV,0.0,0.0,0.0,17.0,0.0,0.0,0.0,23.0,0.0,0.0,0.0,15.0
A2RHQMV5GD18Z8,0.0,0.0,0.0,37.0,0.0,0.0,0.0,34.0,0.0,0.0,0.0,31.0
A2RHV42BTJSVON,0.0,0.0,0.0,2.0,0.0,0.0,0.0,5.0,0.0,0.0,0.0,5.0
A2RKI7RPP5CJMG,0.0,0.0,0.0,70.0,0.0,0.0,0.0,65.0,0.0,0.0,0.0,81.0
A2RW7HXNEJ0QTQ,0.0,0.0,0.0,8.0,0.0,0.0,0.0,10.0,0.0,0.0,0.0,16.0
A2S166WSCFIFP5,0.0,0.0,0.0,16.0,0.0,0.0,0.0,19.0,0.0,0.0,0.0,17.0
A2SGR7LE899LGG,0.0,0.0,0.0,29.0,0.0,0.0,0.0,17.0,0.0,0.0,0.0,21.0
A2SLA0SXRQV8M0,0.0,0.0,0.0,14.0,0.0,0.0,0.0,13.0,0.0,0.0,0.0,10.0
A2SNUORW55MZWO,0.0,0.0,0.0,13.0,0.0,0.0,0.0,8.0,0.0,0.0,0.0,11.0
A2SRZQU1SZG4RR,0.0,0.0,0.0,15.0,0.0,0.0,0.0,12.0,0.0,0.0,0.0,6.0
A2T049UQONS0OY,0.0,0.0,0.0,21.0,0.0,0.0,0.0,20.0,0.0,0.0,0.0,28.0
A2T2MYZEB81NOQ,0.0,0.0,0.0,12.0,0.0,0.0,0.0,20.0,0.0,0.0,0.0,18.0
A2T7TZBOTP68C7,0.0,0.0,0.0,31.0,0.0,0.0,0.0,32.0,0.0,0.0,0.0,39.0
A2TAPL67U2A5HM,0.0,0.0,0.0,32.0,0.0,0.0,0.0,38.0,0.0,0.0,0.0,37.0
A2TAPSNKK9AFSQ,0.0,0.0,0.0,17.0,0.0,0.0,0.0,13.0,0.0,0.0,0.0,14.0
A2TDK8D4HEMUYW,0.0,0.0,0.0,15.0,0.0,0.0,0.0,18.0,0.0,0.0,0.0,16.0
A2TLLX0ZBMZTK7,0.0,0.0,0.0,16.0,0.0,0.0,0.0,13.0,0.0,0.0,0.0,23.0
A2TV6SBCWT7P8S,0.0,0.0,0.0,5.0,0.0,0.0,0.0,3.0,0.0,0.0,0.0,8.0
A2TWIZ33KJCQ54,0.0,0.0,0.0,10.0,0.0,0.0,0.0,15.0,0.0,0.0,0.0,23.0
A2TXR85WQLE32N,0.0,0.0,0.0,27.0,0.0,0.0,0.0,36.0,0.0,0.0,0.0,48.0
A2TZKXU6Q0EDNP,0.0,0.0,0.0,31.0,0.0,0.0,0.0,27.0,0.0,0.0,0.0,29.0
A2U0DKQPZSD50Y,0.0,0.0,0.0,6.0,0.0,0.0,0.0,7.0,0.0,0.0,0.0,5.0
A2U80IPZXN5V1U,0.0,0.0,0.0,6.0,0.0,0.0,0.0,7.0,0.0,0.0,0.0,13.0
A2UKC6QFG9L5GV,0.0,0.0,0.0,26.0,0.0,0.0,0.0,29.0,0.0,0.0,0.0,23.0
A2UL0A8GJB4318,0.0,0.0,0.0,30.0,0.0,0.0,0.0,29.0,0.0,0.0,0.0,31.0
A2ULSA0IRUE09E,0.0,0.0,0.0,18.0,0.0,0.0,0.0,11.0,0.0,0.0,0.0,21.0
A2UN5UY8Q6YMOF,0.0,0.0,0.0,23.0,0.0,0.0,0.0,21.0,0.0,0.0,0.0,30.0
A2UNMXBJSVIXFB,0.0,0.0,0.0,13.0,0.0,0.0,0.0,13.0,0.0,0.0,0.0,25.0
A2UQIIJ2CD8REE,0.0,0.0,0.0,14.0,0.0,0.0,0.0,21.0,0.0,0.0,0.0,23.0
A2UUP58XPQW3GF,0.0,0.0,0.0,12.0,0.0,0.0,0.0,7.0,0.0,0.0,0.0,14.0
A2UW83R0JOZZ6,0.0,0.0,0.0,8.0,0.0,0.0,0.0,7.0,0.0,0.0,0.0,14.0
A2UX5ABICURKL5,0.0,0.0,0.0,9.0,0.0,0.0,0.0,17.0,0.0,0.0,0.0,13.0
A2UYAFQ40U2PHS,0.0,0.0,0.0,27.0,0.0,0.0,0.0,20.0,0.0,0.0,0.0,26.0
A2UZLIH3BSGJ3N,0.0,0.0,0.0,32.0,0.0,0.0,0.0,20.0,0.0,0.0,0.0,16.0
A2V3P1XE33NYC3,0.0,0.0,0.0,21.0,0.0,0.0,0.0,18.0,0.0,0.0,0.0,18.0
A2VD2D1QHCMF9Q,0.0,0.0,0.0,26.0,0.0,0.0,0.0,20.0,0.0,0.0,0.0,16.0
A2VD3CYOEMJ6SR,0.0,0.0,0.0,7.0,0.0,0.0,0.0,5.0,0.0,0.0,0.0,11.0
A2VE83MZF98ITY,0.0,0.0,0.0,14.0,0.0,0.0,0.0,9.0,0.0,0.0,0.0,2.0
A2VJ80PM1G00QV,0.0,0.0,0.0,18.0,0.0,0.0,0.0,19.0,0.0,0.0,0.0,24.0
A2VMT89TCSF105,0.0,0.0,0.0,14.0,0.0,0.0,0.0,18.0,0.0,0.0,0.0,15.0
A2VP7JOT3K7PFM,0.0,0.0,0.0,18.0,0.0,0.0,0.0,23.0,0.0,0.0,0.0,20.0
A2VUP5US1F5HG5,0.0,0.0,0.0,9.0,0.0,0.0,0.0,13.0,0.0,0.0,0.0,14.0
A2W00XKTTF1G0Z,0.0,0.0,0.0,26.0,0.0,0.0,0.0,30.0,0.0,0.0,0.0,45.0
A2W2ODLRQ2L8LE,0.0,0.0,0.0,10.0,0.0,0.0,0.0,12.0,0.0,0.0,0.0,11.0
A2W3HLHIA9UP4D,0.0,0.0,0.0,11.0,0.0,0.0,0.0,9.0,0.0,0.0,0.0,21.0
A2WB4OWBUH2VQX,0.0,0.0,0.0,3.0,0.0,0.0,0.0,9.0,0.0,0.0,0.0,11.0
A2WE94927YC3KI,0.0,0.0,0.0,22.0,0.0,0.0,0.0,16.0,0.0,0.0,0.0,18.0
A2WP0GOTX13MG4,0.0,0.0,0.0,15.0,0.0,0.0,0.0,16.0,0.0,0.0,0.0,10.0
A2WSI8HOWHFDOT,0.0,0.0,0.0,10.0,0.0,0.0,0.0,11.0,0.0,0.0,0.0,13.0
A2WX1UESDOLXRE,0.0,0.0,0.0,23.0,0.0,0.0,0.0,17.0,0.0,0.0,0.0,22.0
A2WZ1B92F81LJJ,0.0,0.0,0.0,16.0,0.0,0.0,0.0,19.0,0.0,0.0,0.0,16.0
A2X27FQSHP418Y,0.0,0.0,0.0,7.0,0.0,0.0,0.0,13.0,0.0,0.0,0.0,8.0
A2X6GEC6LCDN4S,0.0,0.0,0.0,25.0,0.0,0.0,0.0,17.0,0.0,0.0,0.0,17.0
A2XGJ56VCFOKKZ,0.0,0.0,0.0,9.0,0.0,0.0,0.0,12.0,0.0,0.0,0.0,9.0
A2XMBWQL0LGNJD,0.0,0.0,0.0,3.0,0.0,0.0,0.0,30.0,0.0,0.0,0.0,11.0
A2XQ48481DIO80,0.0,0.0,0.0,12.0,0.0,0.0,0.0,15.0,0.0,0.0,0.0,11.0
A2XRMQA6PJ5ZJ8,0.0,0.0,0.0,25.0,0.0,0.0,0.0,19.0,0.0,0.0,0.0,22.0
A2XRZV63X79YSJ,0.0,0.0,0.0,15.0,0.0,0.0,0.0,13.0,0.0,0.0,0.0,25.0
A2XVRCU5DQBULH,0.0,0.0,0.0,17.0,0.0,0.0,0.0,17.0,0.0,0.0,0.0,18.0
A2XXV9HF169LCF,0.0,0.0,0.0,23.0,0.0,0.0,0.0,19.0,0.0,0.0,0.0,12.0
A2YAABMT80RLYA,0.0,0.0,0.0,13.0,0.0,0.0,0.0,16.0,0.0,0.0,0.0,8.0
A2YCG57S65QXUU,0.0,0.0,0.0,4.0,0.0,0.0,0.0,4.0,0.0,0.0,0.0,6.0
A2YM3KILJ1G0YJ,0.0,0.0,0.0,39.0,0.0,0.0,0.0,36.0,0.0,0.0,0.0,45.0
A2YXMN40D7WTGP,0.0,0.0,0.0,5.0,0.0,0.0,0.0,11.0,0.0,0.0,0.0,5.0
A2Z0A3DOG0EVTY,0.0,0.0,0.0,10.0,0.0,0.0,0.0,14.0,0.0,0.0,0.0,17.0
A2Z28WKY1LHBKY,0.0,0.0,0.0,11.0,0.0,0.0,0.0,16.0,0.0,0.0,0.0,10.0
A2Z379ES750ZRY,0.0,0.0,0.0,17.0,0.0,0.0,0.0,10.0,0.0,0.0,0.0,11.0
A2Z44AN3F2IN61,0.0,0.0,0.0,11.0,0.0,0.0,0.0,14.0,0.0,0.0,0.0,16.0
A2Z5WEA0KOMN9G,0.0,0.0,0.0,15.0,0.0,0.0,0.0,15.0,0.0,0.0,0.0,8.0
A2Z7TU96G2WB9B,0.0,0.0,0.0,13.0,0.0,0.0,0.0,17.0,0.0,0.0,0.0,10.0
A2Z9FXHC1L66EW,0.0,0.0,0.0,9.0,0.0,0.0,0.0,17.0,0.0,0.0,0.0,11.0
A2Z9XBCYT3AHHU,0.0,0.0,0.0,12.0,0.0,0.0,0.0,18.0,0.0,0.0,0.0,17.0
A2ZB8B7VQONZA6,0.0,0.0,0.0,13.0,0.0,0.0,0.0,14.0,0.0,0.0,0.0,23.0
A2ZE73RFY0GD3K,0.0,0.0,0.0,19.0,0.0,0.0,0.0,17.0,0.0,0.0,0.0,15.0
A2ZGVH5DNCK8I4,0.0,0.0,0.0,26.0,0.0,0.0,0.0,30.0,0.0,0.0,0.0,21.0
A2ZHH7AK83JB5G,0.0,0.0,0.0,7.0,0.0,0.0,0.0,11.0,0.0,0.0,0.0,13.0
A2ZHSORK1HHYTT,0.0,0.0,0.0,7.0,0.0,0.0,0.0,12.0,0.0,0.0,0.0,16.0
A2ZLROGIL2V7GV,0.0,0.0,0.0,32.0,0.0,0.0,0.0,39.0,0.0,0.0,0.0,42.0
A2ZSC81MXLBELX,0.0,0.0,0.0,22.0,0.0,0.0,0.0,26.0,0.0,0.0,0.0,31.0
A2ZVERVFM25MJT,0.0,0.0,0.0,32.0,0.0,0.0,0.0,24.0,0.0,0.0,0.0,37.0
A3081Z4P774YR4,0.0,0.0,0.0,13.0,0.0,0.0,0.0,20.0,0.0,0.0,0.0,18.0
A30A5I8FG82M2E,0.0,0.0,0.0,13.0,0.0,0.0,0.0,18.0,0.0,0.0,0.0,13.0
A30IP5D5DLHRPA,0.0,0.0,0.0,6.0,0.0,0.0,0.0,4.0,0.0,0.0,0.0,12.0
A30LMTLC9XVWKJ,0.0,0.0,0.0,12.0,0.0,0.0,0.0,13.0,0.0,0.0,0.0,7.0
A30TK6U7DNS82R,0.0,0.0,0.0,42.0,0.0,0.0,0.0,37.0,0.0,0.0,0.0,34.0
A319SKSB556033,0.0,0.0,0.0,50.0,0.0,0.0,0.0,43.0,0.0,0.0,0.0,70.0
A319Y83RT0MRVR,0.0,0.0,0.0,19.0,0.0,0.0,0.0,10.0,0.0,0.0,0.0,25.0
A319YRDK8Y39N,0.0,0.0,0.0,8.0,0.0,0.0,0.0,11.0,0.0,0.0,0.0,15.0
A31ARSC1LGY8WK,0.0,0.0,0.0,23.0,0.0,0.0,0.0,30.0,0.0,0.0,0.0,37.0
A31D8QKJXU93BT,0.0,0.0,0.0,11.0,0.0,0.0,0.0,10.0,0.0,0.0,0.0,13.0
A31I3HXMD5H1EL,0.0,0.0,0.0,24.0,0.0,0.0,0.0,32.0,0.0,0.0,0.0,33.0
A31JRSZQ76YA1N,0.0,0.0,0.0,18.0,0.0,0.0,0.0,9.0,0.0,0.0,0.0,13.0
A31RM5QU797HPJ,0.0,0.0,0.0,11.0,0.0,0.0,0.0,18.0,0.0,0.0,0.0,24.0
A31U2QT7SAL7K,0.0,0.0,0.0,37.0,0.0,0.0,0.0,42.0,0.0,0.0,0.0,45.0
A327YZ9EDPHDOQ,0.0,0.0,0.0,17.0,0.0,0.0,0.0,21.0,0.0,0.0,0.0,18.0
A328547P5BGZC,0.0,0.0,0.0,13.0,0.0,0.0,0.0,10.0,0.0,0.0,0.0,14.0
A328S9RN3U5M68,0.0,0.0,0.0,103.0,0.0,0.0,0.0,96.0,0.0,0.0,0.0,117.0
A329U9CDUPKXAC,0.0,0.0,0.0,41.0,0.0,0.0,0.0,46.0,0.0,0.0,0.0,44.0
A32AK8FOAZEPE2,0.0,0.0,0.0,27.0,0.0,0.0,0.0,26.0,0.0,0.0,0.0,16.0
A32B206L2SEXRA,0.0,0.0,0.0,9.0,0.0,0.0,0.0,3.0,0.0,0.0,0.0,2.0
A32DTCFBBB9WIV,0.0,0.0,0.0,10.0,0.0,0.0,0.0,10.0,0.0,0.0,0.0,7.0
A32JKNQ6BABMQ2,0.0,0.0,0.0,43.0,0.0,0.0,0.0,36.0,0.0,0.0,0.0,32.0
A32K4BV5DFG3KP,0.0,0.0,0.0,13.0,0.0,0.0,0.0,6.0,0.0,0.0,0.0,11.0
A32T2H8150OJLU,0.0,0.0,0.0,17.0,0.0,0.0,0.0,8.0,0.0,0.0,0.0,10.0
A32XK1ZCXM66OT,0.0,0.0,0.0,14.0,0.0,0.0,0.0,13.0,0.0,0.0,0.0,22.0
A32XW50ILWOXNO,0.0,0.0,0.0,45.0,0.0,0.0,0.0,42.0,0.0,0.0,0.0,42.0
A331OF34UX4Y1K,0.0,0.0,0.0,30.0,0.0,0.0,0.0,25.0,0.0,0.0,0.0,32.0
A33CLVW2K7SL1P,0.0,0.0,0.0,26.0,0.0,0.0,0.0,29.0,0.0,0.0,0.0,29.0
A33IZJVCKFKDPU,0.0,0.0,0.0,13.0,0.0,0.0,0.0,23.0,0.0,0.0,0.0,15.0
A33L7G4E8CID3,0.0,0.0,0.0,15.0,0.0,0.0,0.0,24.0,0.0,0.0,0.0,25.0
A33PNAQ33DGBJG,0.0,0.0,0.0,30.0,0.0,0.0,0.0,25.0,0.0,0.0,0.0,33.0
A33TBHM3O9AY17,0.0,0.0,0.0,17.0,0.0,0.0,0.0,13.0,0.0,0.0,0.0,16.0
A33XHXRTRZOQ12,0.0,0.0,0.0,15.0,0.0,0.0,0.0,12.0,0.0,0.0,0.0,12.0
A345WVAVMMO6F0,0.0,0.0,0.0,22.0,0.0,0.0,0.0,19.0,0.0,0.0,0.0,20.0
A34D06JL7LC6MU,0.0,0.0,0.0,47.0,0.0,0.0,0.0,51.0,0.0,0.0,0.0,62.0
A34D4KCP94ACJZ,0.0,0.0,0.0,45.0,0.0,0.0,0.0,42.0,0.0,0.0,0.0,48.0
A34GZPHWYPSY2T,0.0,0.0,0.0,25.0,0.0,0.0,0.0,26.0,0.0,0.0,0.0,37.0
A34HYQ9BQZPE78,0.0,0.0,0.0,15.0,0.0,0.0,0.0,11.0,0.0,0.0,0.0,11.0
A34IBXM7E8CPWE,0.0,0.0,0.0,14.0,0.0,0.0,0.0,21.0,0.0,0.0,0.0,23.0
A34K8D262NZQJF,0.0,0.0,0.0,12.0,0.0,0.0,0.0,13.0,0.0,0.0,0.0,17.0
A34KBK8ORA5GRV,0.0,0.0,0.0,13.0,0.0,0.0,0.0,17.0,0.0,0.0,0.0,12.0
A34PAZQ73SL163,0.0,0.0,0.0,36.0,0.0,0.0,0.0,31.0,0.0,0.0,0.0,33.0
A34VV92TSLC37R,0.0,0.0,0.0,9.0,0.0,0.0,0.0,12.0,0.0,0.0,0.0,18.0
A34W7QA4J5UTOR,0.0,0.0,0.0,6.0,0.0,0.0,0.0,7.0,0.0,0.0,0.0,8.0
A34XPZS5DXA6HA,0.0,0.0,0.0,13.0,0.0,0.0,0.0,12.0,0.0,0.0,0.0,7.0
A34ZAYTNP67S83,0.0,0.0,0.0,6.0,0.0,0.0,0.0,8.0,0.0,0.0,0.0,7.0
A355WMP0CQBJFX,0.0,0.0,0.0,35.0,0.0,0.0,0.0,31.0,0.0,0.0,0.0,37.0
A356HRZZFCEGL1,0.0,0.0,0.0,10.0,0.0,0.0,0.0,9.0,0.0,0.0,0.0,12.0
A356RFKNIG043B,0.0,0.0,0.0,33.0,0.0,0.0,0.0,32.0,0.0,0.0,0.0,39.0
A356TJCTCLDN89,0.0,0.0,0.0,12.0,0.0,0.0,0.0,13.0,0.0,0.0,0.0,17.0
A3572FTYUQQW3P,0.0,0.0,0.0,14.0,0.0,0.0,0.0,10.0,0.0,0.0,0.0,13.0
A359IT81FBX64Y,0.0,0.0,0.0,17.0,0.0,0.0,0.0,13.0,0.0,0.0,0.0,8.0
A35AMPDFAB8JLT,0.0,0.0,0.0,5.0,0.0,0.0,0.0,5.0,0.0,0.0,0.0,7.0
A35L2E8M7S59MQ,0.0,0.0,0.0,27.0,0.0,0.0,0.0,15.0,0.0,0.0,0.0,32.0
A35R8PJSEURHHF,0.0,0.0,0.0,14.0,0.0,0.0,0.0,16.0,0.0,0.0,0.0,22.0
A35WVFSULRE1G9,0.0,0.0,0.0,15.0,0.0,0.0,0.0,16.0,0.0,0.0,0.0,14.0
A35XFZN4MWNKK4,0.0,0.0,0.0,6.0,0.0,0.0,0.0,11.0,0.0,0.0,0.0,16.0
A35XMSURGM0L1N,0.0,0.0,0.0,7.0,0.0,0.0,0.0,13.0,0.0,0.0,0.0,7.0
A35YWA2V4QHOJ3,0.0,0.0,0.0,20.0,0.0,0.0,0.0,36.0,0.0,0.0,0.0,34.0
A35ZK3M8L9JUPX,0.0,0.0,0.0,128.0,0.0,0.0,0.0,137.0,0.0,0.0,0.0,164.0
A363QRXP83K8ZE,0.0,0.0,0.0,7.0,0.0,0.0,0.0,8.0,0.0,0.0,0.0,10.0
A36AH31X84FIC8,0.0,0.0,0.0,13.0,0.0,0.0,0.0,6.0,0.0,0.0,0.0,15.0
A36EW68H08UOCS,0.0,0.0,0.0,34.0,0.0,0.0,0.0,40.0,0.0,0.0,0.0,42.0
A36HBE2C5SQ2E6,0.0,0.0,0.0,14.0,0.0,0.0,0.0,8.0,0.0,0.0,0.0,16.0
A36NUDST4Y5JBA,0.0,0.0,0.0,6.0,0.0,0.0,0.0,7.0,0.0,0.0,0.0,12.0
A36QYTMMJ0O2IZ,0.0,0.0,0.0,12.0,0.0,0.0,0.0,9.0,0.0,0.0,0.0,15.0
A36RS7KTNOBROF,0.0,0.0,0.0,14.0,0.0,0.0,0.0,6.0,0.0,0.0,0.0,15.0
A370Z6I5GBWU44,0.0,0.0,0.0,81.0,0.0,0.0,0.0,77.0,0.0,0.0,0.0,95.0
A37B3O457INKEA,0.0,0.0,0.0,5.0,0.0,0.0,0.0,12.0,0.0,0.0,0.0,8.0
A37DLVPKJZGSQF,0.0,0.0,0.0,8.0,0.0,0.0,0.0,7.0,0.0,0.0,0.0,8.0
A37OOQQLMMKYR8,0.0,0.0,0.0,17.0,0.0,0.0,0.0,9.0,0.0,0.0,0.0,8.0
A37PV5GMP2ILJC,0.0,0.0,0.0,18.0,0.0,0.0,0.0,13.0,0.0,0.0,0.0,27.0
A37S3ACL57LN62,0.0,0.0,0.0,11.0,0.0,0.0,0.0,10.0,0.0,0.0,0.0,15.0
A37ZOGOK3GKF2P,0.0,0.0,0.0,22.0,0.0,0.0,0.0,16.0,0.0,0.0,0.0,27.0
A387BD735MI50R,0.0,0.0,0.0,22.0,0.0,0.0,0.0,17.0,0.0,0.0,0.0,31.0
A38921VU3NJDFK,0.0,0.0,0.0,12.0,0.0,0.0,0.0,19.0,0.0,0.0,0.0,19.0
A38DQCCC64K4W,0.0,0.0,0.0,14.0,0.0,0.0,0.0,12.0,0.0,0.0,0.0,13.0
A38I00SO3D9ZSM,0.0,0.0,0.0,13.0,0.0,0.0,0.0,16.0,0.0,0.0,0.0,12.0
A38N7SFDOB3MR3,0.0,0.0,0.0,24.0,0.0,0.0,0.0,21.0,0.0,0.0,0.0,26.0
A38QEATH3NODFM,0.0,0.0,0.0,16.0,0.0,0.0,0.0,18.0,0.0,0.0,0.0,19.0
A38QJ7JUUTVLKX,0.0,0.0,0.0,35.0,0.0,0.0,0.0,32.0,0.0,0.0,0.0,32.0
A38U2M9OAEJAXJ,0.0,0.0,0.0,18.0,0.0,0.0,0.0,29.0,0.0,0.0,0.0,23.0
A38UBVJEV1LLS7,0.0,0.0,0.0,11.0,0.0,0.0,0.0,12.0,0.0,0.0,0.0,8.0
A38UHOCEKSUOSP,0.0,0.0,0.0,24.0,0.0,0.0,0.0,29.0,0.0,0.0,0.0,42.0
A38YUU4J5Q4EJO,0.0,0.0,0.0,15.0,0.0,0.0,0.0,21.0,0.0,0.0,0.0,15.0
A38ZTUNQJVGP6S,0.0,0.0,0.0,7.0,0.0,0.0,0.0,7.0,0.0,0.0,0.0,11.0
A391YPR0NFTCLK,0.0,0.0,0.0,25.0,0.0,0.0,0.0,24.0,0.0,0.0,0.0,21.0
A3956O40ZZYFMY,0.0,0.0,0.0,9.0,0.0,0.0,0.0,7.0,0.0,0.0,0.0,7.0
A39AWL2FKWDFK6,0.0,0.0,0.0,36.0,0.0,0.0,0.0,34.0,0.0,0.0,0.0,34.0
A39C7SEMCJWVOI,0.0,0.0,0.0,8.0,0.0,0.0,0.0,9.0,0.0,0.0,0.0,7.0
A39CX0EE4BZCZC,0.0,0.0,0.0,113.0,0.0,0.0,0.0,96.0,0.0,0.0,0.0,111.0
A39IBJB2PBVC7I,0.0,0.0,0.0,29.0,0.0,0.0,0.0,23.0,0.0,0.0,0.0,23.0
A39IY0JU5JI69G,0.0,0.0,0.0,25.0,0.0,0.0,0.0,16.0,0.0,0.0,0.0,25.0
A39NS429FYXAD1,0.0,0.0,0.0,10.0,0.0,0.0,0.0,21.0,0.0,0.0,0.0,23.0
A39VJRIW7HC5C0,0.0,0.0,0.0,7.0,0.0,0.0,0.0,11.0,0.0,0.0,0.0,10.0
A39W3263A9HCMN,0.0,0.0,0.0,41.0,0.0,0.0,0.0,31.0,0.0,0.0,0.0,58.0
A3A48XEYWLWH7T,0.0,0.0,0.0,29.0,0.0,0.0,0.0,16.0,0.0,0.0,0.0,17.0
A3A4WQL80WOTMH,0.0,0.0,0.0,12.0,0.0,0.0,0.0,6.0,0.0,0.0,0.0,11.0
A3ADUOVTY3TIRU,0.0,0.0,0.0,11.0,0.0,0.0,0.0,16.0,0.0,0.0,0.0,14.0
A3AEYDNYCWH2IZ,0.0,0.0,0.0,21.0,0.0,0.0,0.0,12.0,0.0,0.0,0.0,13.0
A3AKPY4LXIC24O,0.0,0.0,0.0,15.0,0.0,0.0,0.0,18.0,0.0,0.0,0.0,23.0
A3AOKQCH0YBZDS,0.0,0.0,0.0,35.0,0.0,0.0,0.0,32.0,0.0,0.0,0.0,42.0
A3AP6H48QHX8BR,0.0,0.0,0.0,5.0,0.0,0.0,0.0,8.0,0.0,0.0,0.0,10.0
A3APW42N5MRVWT,0.0,0.0,0.0,14.0,0.0,0.0,0.0,18.0,0.0,0.0,0.0,20.0
A3ARJ16772TKHT,0.0,0.0,0.0,18.0,0.0,0.0,0.0,31.0,0.0,0.0,0.0,32.0
A3ATTCCO32ZXET,0.0,0.0,0.0,11.0,0.0,0.0,0.0,14.0,0.0,0.0,0.0,16.0
A3AUECYM0M0YSX,0.0,0.0,0.0,18.0,0.0,0.0,0.0,22.0,0.0,0.0,0.0,26.0
A3AVJCB1ZD6ZY5,0.0,0.0,0.0,38.0,0.0,0.0,0.0,38.0,0.0,0.0,0.0,51.0
A3AY3EV2MFRFGG,0.0,0.0,0.0,7.0,0.0,0.0,0.0,3.0,0.0,0.0,0.0,11.0
A3B87UZLPCF0HW,0.0,0.0,0.0,17.0,0.0,0.0,0.0,20.0,0.0,0.0,0.0,20.0
A3BFJFJRXMWXAX,0.0,0.0,0.0,7.0,0.0,0.0,0.0,12.0,0.0,0.0,0.0,8.0
A3BJDFGSLXFB36,0.0,0.0,0.0,14.0,0.0,0.0,0.0,9.0,0.0,0.0,0.0,13.0
A3BSS2M2DPPV4T,0.0,0.0,0.0,4.0,0.0,0.0,0.0,6.0,0.0,0.0,0.0,11.0
A3C6CZC2JP67VK,0.0,0.0,0.0,87.0,0.0,0.0,0.0,85.0,0.0,0.0,0.0,100.0
A3C6X0DAM87GN4,0.0,0.0,0.0,19.0,0.0,0.0,0.0,22.0,0.0,0.0,0.0,27.0
A3CCYAQRHUTPIQ,0.0,0.0,0.0,4.0,0.0,0.0,0.0,10.0,0.0,0.0,0.0,12.0
A3CFT5LHFCB46K,0.0,0.0,0.0,18.0,0.0,0.0,0.0,22.0,0.0,0.0,0.0,22.0
A3CIH3P8UDB6GR,0.0,0.0,0.0,10.0,0.0,0.0,0.0,11.0,0.0,0.0,0.0,15.0
A3CL82UITQJLWS,0.0,0.0,0.0,16.0,0.0,0.0,0.0,15.0,0.0,0.0,0.0,18.0
A3CN9CCJUNIPKT,0.0,0.0,0.0,28.0,0.0,0.0,0.0,30.0,0.0,0.0,0.0,31.0
A3CWH6VKCTJAD,0.0,0.0,0.0,17.0,0.0,0.0,0.0,18.0,0.0,0.0,0.0,25.0
A3D2VIUT2HWP0Z,0.0,0.0,0.0,43.0,0.0,0.0,0.0,38.0,0.0,0.0,0.0,48.0
A3D6KZT0QG6UKB,0.0,0.0,0.0,12.0,0.0,0.0,0.0,16.0,0.0,0.0,0.0,8.0
A3D6OI36USYOU1,0.0,0.0,0.0,6.0,0.0,0.0,0.0,11.0,0.0,0.0,0.0,8.0
A3D6TFYRMIV3ZL,0.0,0.0,0.0,13.0,0.0,0.0,0.0,12.0,0.0,0.0,0.0,6.0
A3DDPQ9342UNMY,0.0,0.0,0.0,17.0,0.0,0.0,0.0,11.0,0.0,0.0,0.0,23.0
A3DE1IYJGU5HPW,0.0,0.0,0.0,7.0,0.0,0.0,0.0,11.0,0.0,0.0,0.0,7.0
A3DGB4HN3QCGAL,0.0,0.0,0.0,13.0,0.0,0.0,0.0,15.0,0.0,0.0,0.0,13.0
A3DGVB3T5QJNRE,0.0,0.0,0.0,17.0,0.0,0.0,0.0,7.0,0.0,0.0,0.0,18.0
A3DHQ5WO80X1IZ,0.0,0.0,0.0,27.0,0.0,0.0,0.0,25.0,0.0,0.0,0.0,35.0
A3DWUM6SN3N3NR,0.0,0.0,0.0,9.0,0.0,0.0,0.0,8.0,0.0,0.0,0.0,14.0
A3DY46ZABF4CMQ,0.0,0.0,0.0,27.0,0.0,0.0,0.0,37.0,0.0,0.0,0.0,34.0
A3E5OY3YLZMOA9,0.0,0.0,0.0,17.0,0.0,0.0,0.0,25.0,0.0,0.0,0.0,24.0
A3E975KR2HRERX,0.0,0.0,0.0,8.0,0.0,0.0,0.0,13.0,0.0,0.0,0.0,14.0
A3EAU736LWTDCE,0.0,0.0,0.0,18.0,0.0,0.0,0.0,16.0,0.0,0.0,0.0,22.0
A3EBHHCZO6V2A4,0.0,0.0,0.0,25.0,0.0,0.0,0.0,19.0,0.0,0.0,0.0,17.0
A3EE0H0NWQ9QVL,0.0,0.0,0.0,56.0,0.0,0.0,0.0,49.0,0.0,0.0,0.0,49.0
A3EISFBTLEQC69,0.0,0.0,0.0,6.0,0.0,0.0,0.0,5.0,0.0,0.0,0.0,9.0
A3EJYJC25OJVKK,0.0,0.0,0.0,28.0,0.0,0.0,0.0,28.0,0.0,0.0,0.0,42.0
A3ENN25NFADE1X,0.0,0.0,0.0,20.0,0.0,0.0,0.0,22.0,0.0,0.0,0.0,25.0
A3EOVXI1VZIHUQ,0.0,0.0,0.0,17.0,0.0,0.0,0.0,9.0,0.0,0.0,0.0,17.0
A3EOYN87MMNHL1,0.0,0.0,0.0,4.0,0.0,0.0,0.0,6.0,0.0,0.0,0.0,5.0
A3EUSH8DPW75LR,0.0,0.0,0.0,14.0,0.0,0.0,0.0,12.0,0.0,0.0,0.0,14.0
A3EZHMGGWY74HY,0.0,0.0,0.0,9.0,0.0,0.0,0.0,5.0,0.0,0.0,0.0,8.0
A3F2JUHM6C9RZ9,0.0,0.0,0.0,7.0,0.0,0.0,0.0,8.0,0.0,0.0,0.0,8.0
A3F3B6HY9RJI04,0.0,0.0,0.0,16.0,0.0,0.0,0.0,18.0,0.0,0.0,0.0,21.0
A3F9G9G8CJGJPO,0.0,0.0,0.0,2.0,0.0,0.0,0.0,37.0,0.0,0.0,0.0,13.0
A3F9VH8916IA40,0.0,0.0,0.0,14.0,0.0,0.0,0.0,8.0,0.0,0.0,0.0,14.0
A3FBGZ4E6KGIW2,0.0,0.0,0.0,16.0,0.0,0.0,0.0,13.0,0.0,0.0,0.0,19.0
A3FDEI5P21XX6S,0.0,0.0,0.0,13.0,0.0,0.0,0.0,9.0,0.0,0.0,0.0,12.0
A3FEQXNCFC68KC,0.0,0.0,0.0,20.0,0.0,0.0,0.0,29.0,0.0,0.0,0.0,20.0
A3FL6CIO8QIJ2F,0.0,0.0,0.0,37.0,0.0,0.0,0.0,42.0,0.0,0.0,0.0,46.0
A3FUBUJAIGM87T,0.0,0.0,0.0,22.0,0.0,0.0,0.0,19.0,0.0,0.0,0.0,22.0
A3FVAWZNKW9GX,0.0,0.0,0.0,10.0,0.0,0.0,0.0,13.0,0.0,0.0,0.0,13.0
A3FY3H6F4249E0,0.0,0.0,0.0,20.0,0.0,0.0,0.0,10.0,0.0,0.0,0.0,22.0
A3GA09FYFKL4EY,0.0,0.0,0.0,31.0,0.0,0.0,0.0,22.0,0.0,0.0,0.0,25.0
A3GD9BKIUT3I89,0.0,0.0,0.0,11.0,0.0,0.0,0.0,11.0,0.0,0.0,0.0,20.0
A3GKMQFL05Z79K,0.0,0.0,0.0,17.0,0.0,0.0,0.0,23.0,0.0,0.0,0.0,22.0
A3GKOMCQTTWPUI,0.0,0.0,0.0,21.0,0.0,0.0,0.0,29.0,0.0,0.0,0.0,30.0
A3GKPMHV4U64IY,0.0,0.0,0.0,39.0,0.0,0.0,0.0,33.0,0.0,0.0,0.0,38.0
A3GN9I0UYV08LC,0.0,0.0,0.0,8.0,0.0,0.0,0.0,2.0,0.0,0.0,0.0,7.0
A3GQKB1KF0CRPE,0.0,0.0,0.0,13.0,0.0,0.0,0.0,25.0,0.0,0.0,0.0,22.0
A3GRN6J64F2C3X,0.0,0.0,0.0,25.0,0.0,0.0,0.0,29.0,0.0,0.0,0.0,31.0
A3H9JSM1SUTE4O,0.0,0.0,0.0,39.0,0.0,0.0,0.0,39.0,0.0,0.0,0.0,51.0
A3HM5G9IV1FTFP,0.0,0.0,0.0,13.0,0.0,0.0,0.0,20.0,0.0,0.0,0.0,28.0
A3HQXFLZ6WI70Q,0.0,0.0,0.0,12.0,0.0,0.0,0.0,15.0,0.0,0.0,0.0,21.0
A3I49HL6XR62DI,0.0,0.0,0.0,12.0,0.0,0.0,0.0,14.0,0.0,0.0,0.0,25.0
A3I69IXPTDVKQF,0.0,0.0,0.0,31.0,0.0,0.0,0.0,31.0,0.0,0.0,0.0,41.0
A3ICCTSCBT7GS9,0.0,0.0,0.0,11.0,0.0,0.0,0.0,14.0,0.0,0.0,0.0,17.0
A3ICDLUQ3V2QY2,0.0,0.0,0.0,8.0,0.0,0.0,0.0,10.0,0.0,0.0,0.0,14.0
A3ICHEO78NFE4Y,0.0,0.0,0.0,20.0,0.0,0.0,0.0,20.0,0.0,0.0,0.0,27.0
A3IDMLOWLHWNDJ,0.0,0.0,0.0,35.0,0.0,0.0,0.0,57.0,0.0,0.0,0.0,45.0
A3IE0P2JMWW0H7,0.0,0.0,0.0,10.0,0.0,0.0,0.0,11.0,0.0,0.0,0.0,7.0
A3II1ACACC5MTX,0.0,0.0,0.0,10.0,0.0,0.0,0.0,10.0,0.0,0.0,0.0,4.0
A3IKBHODOTYYHM,0.0,0.0,0.0,18.0,0.0,0.0,0.0,28.0,0.0,0.0,0.0,29.0
A3IMNZSYDOTTU6,0.0,0.0,0.0,17.0,0.0,0.0,0.0,18.0,0.0,0.0,0.0,18.0
A3IXPFN5DU9Z9L,0.0,0.0,0.0,12.0,0.0,0.0,0.0,9.0,0.0,0.0,0.0,13.0
A3J5V2GMXMOGCI,0.0,0.0,0.0,3.0,0.0,0.0,0.0,3.0,0.0,0.0,0.0,12.0
A3JLOIXFM75QNV,0.0,0.0,0.0,55.0,0.0,0.0,0.0,51.0,0.0,0.0,0.0,68.0
A3JPFWKS83R49V,0.0,0.0,0.0,18.0,0.0,0.0,0.0,16.0,0.0,0.0,0.0,18.0
A3JXOXKWOIETIY,0.0,0.0,0.0,9.0,0.0,0.0,0.0,11.0,0.0,0.0,0.0,12.0
A3JZ5L52FM318H,0.0,0.0,0.0,10.0,0.0,0.0,0.0,9.0,0.0,0.0,0.0,14.0
A3K5IMGDCDBCNF,0.0,0.0,0.0,4.0,0.0,0.0,0.0,8.0,0.0,0.0,0.0,12.0
A3K8TYU7UOUTR0,0.0,0.0,0.0,16.0,0.0,0.0,0.0,9.0,0.0,0.0,0.0,8.0
A3KB1H0S7T6JX1,0.0,0.0,0.0,82.0,0.0,0.0,0.0,95.0,0.0,0.0,0.0,94.0
A3KEZLJ59C1JVH,0.0,0.0,0.0,46.0,0.0,0.0,0.0,40.0,0.0,0.0,0.0,51.0
A3KF4IP2MUS8QQ,0.0,0.0,0.0,67.0,0.0,0.0,0.0,56.0,0.0,0.0,0.0,79.0
A3KJ6JAZPH382D,0.0,0.0,0.0,35.0,0.0,0.0,0.0,23.0,0.0,0.0,0.0,41.0
A3KKM0T1KY42HA,0.0,0.0,0.0,63.0,0.0,0.0,0.0,56.0,0.0,0.0,0.0,106.0
A3KL7NXOAGKD3U,0.0,0.0,0.0,20.0,0.0,0.0,0.0,19.0,0.0,0.0,0.0,29.0
A3KROYMQ61M7A,0.0,0.0,0.0,6.0,0.0,0.0,0.0,8.0,0.0,0.0,0.0,9.0
A3KUUII2GSHN7T,0.0,0.0,0.0,28.0,0.0,0.0,0.0,23.0,0.0,0.0,0.0,17.0
A3KY68OTSNHM3G,0.0,0.0,0.0,54.0,0.0,0.0,0.0,46.0,0.0,0.0,0.0,40.0
A3L2U581LL17EB,0.0,0.0,0.0,16.0,0.0,0.0,0.0,16.0,0.0,0.0,0.0,21.0
A3LGT6UZL99IW1,0.0,0.0,0.0,11.0,0.0,0.0,0.0,10.0,0.0,0.0,0.0,17.0
A3LH77PBDFEO3F,0.0,0.0,0.0,22.0,0.0,0.0,0.0,17.0,0.0,0.0,0.0,17.0
A3LOBF0ZU1HE0S,0.0,0.0,0.0,14.0,0.0,0.0,0.0,16.0,0.0,0.0,0.0,11.0
A3LPQAPU2ILDD0,0.0,0.0,0.0,7.0,0.0,0.0,0.0,7.0,0.0,0.0,0.0,15.0
A3LU79BYMWZEW9,0.0,0.0,0.0,13.0,0.0,0.0,0.0,19.0,0.0,0.0,0.0,22.0
A3LXKO2S6G2DBI,0.0,0.0,0.0,28.0,0.0,0.0,0.0,28.0,0.0,0.0,0.0,26.0
A3LZBOBV9H1HDV,0.0,0.0,0.0,71.0,0.0,0.0,0.0,62.0,0.0,0.0,0.0,84.0
A3LZGLA88K0LA0,0.0,0.0,0.0,120.0,0.0,0.0,0.0,120.0,0.0,0.0,0.0,144.0
A3M1NNDD95HR0R,0.0,0.0,0.0,13.0,0.0,0.0,0.0,13.0,0.0,0.0,0.0,19.0
A3M2WW0PO34B94,0.0,0.0,0.0,82.0,0.0,0.0,0.0,76.0,0.0,0.0,0.0,96.0
A3M3FG82ZE1J8I,0.0,0.0,0.0,2.0,0.0,0.0,0.0,1.0,0.0,0.0,0.0,12.0
A3M5O6UHXO9IBU,0.0,0.0,0.0,19.0,0.0,0.0,0.0,27.0,0.0,0.0,0.0,15.0
A3M6RVUVZOQZLB,0.0,0.0,0.0,12.0,0.0,0.0,0.0,11.0,0.0,0.0,0.0,15.0
A3MCC5MAJYJYMD,0.0,0.0,0.0,20.0,0.0,0.0,0.0,18.0,0.0,0.0,0.0,19.0
A3MCQSIBV7QW8Q,0.0,0.0,0.0,5.0,0.0,0.0,0.0,9.0,0.0,0.0,0.0,9.0
A3MQ672FYFNM7B,0.0,0.0,0.0,13.0,0.0,0.0,0.0,14.0,0.0,0.0,0.0,14.0
A3MV1KKHX51FYT,0.0,0.0,0.0,48.0,0.0,0.0,0.0,62.0,0.0,0.0,0.0,65.0
A3N0LBOUQAD1BG,0.0,0.0,0.0,5.0,0.0,0.0,0.0,4.0,0.0,0.0,0.0,9.0
A3N3SN2DDD4HCJ,0.0,0.0,0.0,7.0,0.0,0.0,0.0,12.0,0.0,0.0,0.0,6.0
A3N5XIM9R2OQH0,0.0,0.0,0.0,13.0,0.0,0.0,0.0,20.0,0.0,0.0,0.0,17.0
A3N6GAJTEOF4MO,0.0,0.0,0.0,27.0,0.0,0.0,0.0,30.0,0.0,0.0,0.0,33.0
A3N8RZSXKN1OR2,0.0,0.0,0.0,14.0,0.0,0.0,0.0,12.0,0.0,0.0,0.0,21.0
A3NH7PYU4AD5GA,0.0,0.0,0.0,11.0,0.0,0.0,0.0,15.0,0.0,0.0,0.0,16.0
A3NIQK6ZLYEP1L,0.0,0.0,0.0,20.0,0.0,0.0,0.0,28.0,0.0,0.0,0.0,23.0
A3NKFB39AIEN8W,0.0,0.0,0.0,6.0,0.0,0.0,0.0,11.0,0.0,0.0,0.0,8.0
A3NL1KW56O3JR8,0.0,0.0,0.0,19.0,0.0,0.0,0.0,22.0,0.0,0.0,0.0,20.0
A3NLH4A3XP4WA5,0.0,0.0,0.0,4.0,0.0,0.0,0.0,9.0,0.0,0.0,0.0,3.0
A3NM0RAYSL6PA8,0.0,0.0,0.0,48.0,0.0,0.0,0.0,44.0,0.0,0.0,0.0,49.0
A3NQI2JLNPFOF8,0.0,0.0,0.0,15.0,0.0,0.0,0.0,15.0,0.0,0.0,0.0,11.0
A3O2RCKAMSE9X7,0.0,0.0,0.0,26.0,0.0,0.0,0.0,24.0,0.0,0.0,0.0,22.0
A3O536E2YOKK4Y,0.0,0.0,0.0,35.0,0.0,0.0,0.0,42.0,0.0,0.0,0.0,45.0
A3O5T5VAQ3TD17,0.0,0.0,0.0,9.0,0.0,0.0,0.0,9.0,0.0,0.0,0.0,12.0
A3OEECMCM2T4KQ,0.0,0.0,0.0,18.0,0.0,0.0,0.0,17.0,0.0,0.0,0.0,28.0
A3OH101U0CPUC7,0.0,0.0,0.0,9.0,0.0,0.0,0.0,9.0,0.0,0.0,0.0,10.0
A3OI841P5R6FCH,0.0,0.0,0.0,4.0,0.0,0.0,0.0,8.0,0.0,0.0,0.0,13.0
A3OMPSEVL59ZDK,0.0,0.0,0.0,16.0,0.0,0.0,0.0,13.0,0.0,0.0,0.0,11.0
A3OXHLG6DIBRW8,0.0,0.0,0.0,27.0,0.0,0.0,0.0,28.0,0.0,0.0,0.0,31.0
A3P121GNV5QYIN,0.0,0.0,0.0,9.0,0.0,0.0,0.0,11.0,0.0,0.0,0.0,15.0
A3P1508PZ0UADD,0.0,0.0,0.0,18.0,0.0,0.0,0.0,10.0,0.0,0.0,0.0,14.0
A3P7WNM0UHV4YQ,0.0,0.0,0.0,11.0,0.0,0.0,0.0,8.0,0.0,0.0,0.0,14.0
A3P9D22KDEXVMN,0.0,0.0,0.0,9.0,0.0,0.0,0.0,19.0,0.0,0.0,0.0,30.0
A3PCTD8QM1BIXI,0.0,0.0,0.0,30.0,0.0,0.0,0.0,37.0,0.0,0.0,0.0,34.0
A3PPXVR5J6U2JD,0.0,0.0,0.0,54.0,0.0,0.0,0.0,59.0,0.0,0.0,0.0,74.0
A3PQ3K5RKNJYA1,0.0,0.0,0.0,12.0,0.0,0.0,0.0,7.0,0.0,0.0,0.0,16.0
A3Q04XXGGED746,0.0,0.0,0.0,6.0,0.0,0.0,0.0,14.0,0.0,0.0,0.0,14.0
A3Q1EDCBV2KU8D,0.0,0.0,0.0,13.0,0.0,0.0,0.0,16.0,0.0,0.0,0.0,15.0
A3Q1FVRV0CRYTH,0.0,0.0,0.0,76.0,0.0,0.0,0.0,84.0,0.0,0.0,0.0,93.0
A3Q4XAQXKKV6V,0.0,0.0,0.0,14.0,0.0,0.0,0.0,17.0,0.0,0.0,0.0,17.0
A3QH6BEY6RYQR0,0.0,0.0,0.0,7.0,0.0,0.0,0.0,10.0,0.0,0.0,0.0,19.0
A3QJU4FEN8PQSZ,0.0,0.0,0.0,19.0,0.0,0.0,0.0,16.0,0.0,0.0,0.0,18.0
A3QLAOOTFEHCJI,0.0,0.0,0.0,29.0,0.0,0.0,0.0,20.0,0.0,0.0,0.0,33.0
A3QNQQKJTL76H0,0.0,0.0,0.0,6.0,0.0,0.0,0.0,6.0,0.0,0.0,0.0,15.0
A3QZCA4LTTVGAD,0.0,0.0,0.0,21.0,0.0,0.0,0.0,21.0,0.0,0.0,0.0,25.0
A3QZXDBATXFNZX,0.0,0.0,0.0,9.0,0.0,0.0,0.0,11.0,0.0,0.0,0.0,11.0
A3R2YB0WTTB0IJ,0.0,0.0,0.0,29.0,0.0,0.0,0.0,35.0,0.0,0.0,0.0,35.0
A3R36DZQEWNVJ1,0.0,0.0,0.0,21.0,0.0,0.0,0.0,33.0,0.0,0.0,0.0,27.0
A3R6ST52EBN2FK,0.0,0.0,0.0,21.0,0.0,0.0,0.0,18.0,0.0,0.0,0.0,28.0
A3R8PXSFGY9MC2,0.0,0.0,0.0,52.0,0.0,0.0,0.0,28.0,0.0,0.0,0.0,65.0
A3R90OGE1EACZE,0.0,0.0,0.0,6.0,0.0,0.0,0.0,5.0,0.0,0.0,0.0,7.0
A3RB6NQOLOBXYD,0.0,0.0,0.0,12.0,0.0,0.0,0.0,10.0,0.0,0.0,0.0,16.0
A3RMAWK4ELOLRZ,0.0,0.0,0.0,13.0,0.0,0.0,0.0,8.0,0.0,0.0,0.0,13.0
A3RNC9BGR4J1ZF,0.0,0.0,0.0,2.0,0.0,0.0,0.0,1.0,0.0,0.0,0.0,5.0
A3ROE64EVHDTTV,0.0,0.0,0.0,45.0,0.0,0.0,0.0,36.0,0.0,0.0,0.0,33.0
A3ROZK0G84RGMZ,0.0,0.0,0.0,11.0,0.0,0.0,0.0,6.0,0.0,0.0,0.0,15.0
A3RRBPUGD7UOSP,0.0,0.0,0.0,17.0,0.0,0.0,0.0,6.0,0.0,0.0,0.0,5.0
A3RTMB76CJWY9U,0.0,0.0,0.0,14.0,0.0,0.0,0.0,19.0,0.0,0.0,0.0,13.0
A3S9887MZFNNH1,0.0,0.0,0.0,7.0,0.0,0.0,0.0,17.0,0.0,0.0,0.0,11.0
A3S98L5B1SR9P1,0.0,0.0,0.0,62.0,0.0,0.0,0.0,73.0,0.0,0.0,0.0,86.0
A3SFO2GSP5CVSM,0.0,0.0,0.0,30.0,0.0,0.0,0.0,38.0,0.0,0.0,0.0,40.0
A3SJSNS9LW981O,0.0,0.0,0.0,13.0,0.0,0.0,0.0,10.0,0.0,0.0,0.0,21.0
A3SS6VRWCTB7V,0.0,0.0,0.0,9.0,0.0,0.0,0.0,7.0,0.0,0.0,0.0,14.0
A3STFVPM8NHJ7B,0.0,0.0,0.0,15.0,0.0,0.0,0.0,20.0,0.0,0.0,0.0,36.0
A3SU3TXON36T0X,0.0,0.0,0.0,13.0,0.0,0.0,0.0,22.0,0.0,0.0,0.0,12.0
A3SYMLB8JSW5VD,0.0,0.0,0.0,15.0,0.0,0.0,0.0,14.0,0.0,0.0,0.0,12.0
A3T0OTH5072YRE,0.0,0.0,0.0,11.0,0.0,0.0,0.0,4.0,0.0,0.0,0.0,17.0
A3TD7B0CT1NHO4,0.0,0.0,0.0,4.0,0.0,0.0,0.0,5.0,0.0,0.0,0.0,6.0
A3TNM3C9ENUCFW,0.0,0.0,0.0,32.0,0.0,0.0,0.0,21.0,0.0,0.0,0.0,43.0
A3TUQ1JB7ZZNZG,0.0,0.0,0.0,12.0,0.0,0.0,0.0,12.0,0.0,0.0,0.0,6.0
A3TUZOJZM9008Y,0.0,0.0,0.0,13.0,0.0,0.0,0.0,14.0,0.0,0.0,0.0,16.0
A3TYC8T6W81DDB,0.0,0.0,0.0,14.0,0.0,0.0,0.0,15.0,0.0,0.0,0.0,23.0
A3TZV5SXQ8F6ST,0.0,0.0,0.0,11.0,0.0,0.0,0.0,4.0,0.0,0.0,0.0,4.0
A3U56M0Y8LYO6J,0.0,0.0,0.0,41.0,0.0,0.0,0.0,38.0,0.0,0.0,0.0,44.0
A3U5JCXIXTGSLN,0.0,0.0,0.0,11.0,0.0,0.0,0.0,11.0,0.0,0.0,0.0,13.0
A3UA046AA3DXFD,0.0,0.0,0.0,5.0,0.0,0.0,0.0,9.0,0.0,0.0,0.0,13.0
A3UCNXHX2PB3KQ,0.0,0.0,0.0,17.0,0.0,0.0,0.0,15.0,0.0,0.0,0.0,13.0
A3UDYY6L2NH3JS,0.0,0.0,0.0,95.0,0.0,0.0,0.0,132.0,0.0,0.0,0.0,116.0
A3UPYGJKZ0XTU4,0.0,0.0,0.0,69.0,0.0,0.0,0.0,70.0,0.0,0.0,0.0,91.0
A3USRUCHAOC3MT,0.0,0.0,0.0,14.0,0.0,0.0,0.0,15.0,0.0,0.0,0.0,14.0
A3V5DUZ5KXPGQA,0.0,0.0,0.0,12.0,0.0,0.0,0.0,6.0,0.0,0.0,0.0,8.0
A3V6Z4RCDGRC44,0.0,0.0,0.0,27.0,0.0,0.0,0.0,33.0,0.0,0.0,0.0,33.0
A3VI2VETB90ZG5,0.0,0.0,0.0,11.0,0.0,0.0,0.0,7.0,0.0,0.0,0.0,21.0
A3VIOCJZ22JZXT,0.0,0.0,0.0,23.0,0.0,0.0,0.0,27.0,0.0,0.0,0.0,26.0
A3VLX5Z090RQ0V,0.0,0.0,0.0,14.0,0.0,0.0,0.0,7.0,0.0,0.0,0.0,15.0
A3VQSFORKH8B7O,0.0,0.0,0.0,58.0,0.0,0.0,0.0,48.0,0.0,0.0,0.0,49.0
A3VUO1LJGMSZQY,0.0,0.0,0.0,8.0,0.0,0.0,0.0,4.0,0.0,0.0,0.0,8.0
A3VV4GUGLUVUP1,0.0,0.0,0.0,16.0,0.0,0.0,0.0,32.0,0.0,0.0,0.0,16.0
A3W13VVBRY5GL7,0.0,0.0,0.0,20.0,0.0,0.0,0.0,23.0,0.0,0.0,0.0,22.0
A3W1JJGJHRPH4Y,0.0,0.0,0.0,36.0,0.0,0.0,0.0,28.0,0.0,0.0,0.0,33.0
A41I67QYRAOSQ,0.0,0.0,0.0,14.0,0.0,0.0,0.0,18.0,0.0,0.0,0.0,15.0
A457S8SW690NM,0.0,0.0,0.0,57.0,0.0,0.0,0.0,68.0,0.0,0.0,0.0,81.0
A461VTLW9G9YB,0.0,0.0,0.0,18.0,0.0,0.0,0.0,21.0,0.0,0.0,0.0,16.0
A4CHIXX0HOB3G,0.0,0.0,0.0,9.0,0.0,0.0,0.0,8.0,0.0,0.0,0.0,5.0
A4F8CJ1L4348V,0.0,0.0,0.0,15.0,0.0,0.0,0.0,26.0,0.0,0.0,0.0,23.0
A4JP4T1F95D0A,0.0,0.0,0.0,95.0,0.0,0.0,0.0,77.0,0.0,0.0,0.0,84.0
A4PPZNQF1X2IY,0.0,0.0,0.0,21.0,0.0,0.0,0.0,27.0,0.0,0.0,0.0,35.0
A4SY5RCGC5CH9,0.0,0.0,0.0,8.0,0.0,0.0,0.0,13.0,0.0,0.0,0.0,13.0
A4UKBG3M5U5TI,0.0,0.0,0.0,13.0,0.0,0.0,0.0,19.0,0.0,0.0,0.0,20.0
A4X7FBQ5SKPI6,0.0,0.0,0.0,8.0,0.0,0.0,0.0,11.0,0.0,0.0,0.0,11.0
A4X7NFDO3I1TA,0.0,0.0,0.0,7.0,0.0,0.0,0.0,13.0,0.0,0.0,0.0,5.0
A51IK68MWKV5R,0.0,0.0,0.0,8.0,0.0,0.0,0.0,7.0,0.0,0.0,0.0,13.0
A56AA52NMMKYQ,0.0,0.0,0.0,14.0,0.0,0.0,0.0,7.0,0.0,0.0,0.0,14.0
A5A2QE6NECFR5,0.0,0.0,0.0,12.0,0.0,0.0,0.0,13.0,0.0,0.0,0.0,12.0
A5AIEA4LXWJH3,0.0,0.0,0.0,18.0,0.0,0.0,0.0,25.0,0.0,0.0,0.0,14.0
A5DIAZ5GT3MC,0.0,0.0,0.0,20.0,0.0,0.0,0.0,21.0,0.0,0.0,0.0,12.0
A5KJVGJ43ZDC9,0.0,0.0,0.0,22.0,0.0,0.0,0.0,10.0,0.0,0.0,0.0,14.0
A5KLP39OKXD5P,0.0,0.0,0.0,11.0,0.0,0.0,0.0,12.0,0.0,0.0,0.0,11.0
A5OD2CTWK2EBA,0.0,0.0,0.0,13.0,0.0,0.0,0.0,9.0,0.0,0.0,0.0,15.0
A5QE86H97FDJA,0.0,0.0,0.0,6.0,0.0,0.0,0.0,11.0,0.0,0.0,0.0,7.0
A5TZXWU8AALIC,0.0,0.0,0.0,49.0,0.0,0.0,0.0,42.0,0.0,0.0,0.0,54.0
A5UMUVEV1RUS9,0.0,0.0,0.0,4.0,0.0,0.0,0.0,8.0,0.0,0.0,0.0,11.0
A5WMBIOGE8Q6N,0.0,0.0,0.0,5.0,0.0,0.0,0.0,11.0,0.0,0.0,0.0,8.0
A5X1B2HBQUR3P,0.0,0.0,0.0,14.0,0.0,0.0,0.0,13.0,0.0,0.0,0.0,23.0
A6ADO7B6FUVN,0.0,0.0,0.0,68.0,0.0,0.0,0.0,65.0,0.0,0.0,0.0,62.0
A6DOCZ10B7JAJ,0.0,0.0,0.0,7.0,0.0,0.0,0.0,7.0,0.0,0.0,0.0,13.0
A6FIAB28IS79,0.0,0.0,0.0,13.0,0.0,0.0,0.0,17.0,0.0,0.0,0.0,18.0
A6VFFRIHAXKRL,0.0,0.0,0.0,19.0,0.0,0.0,0.0,36.0,0.0,0.0,0.0,31.0
A6VXZ1EEPRTLV,0.0,0.0,0.0,22.0,0.0,0.0,0.0,26.0,0.0,0.0,0.0,23.0
A6X6LNZO1C3EZ,0.0,0.0,0.0,3.0,0.0,0.0,0.0,6.0,0.0,0.0,0.0,12.0
A77184QJM3PM,0.0,0.0,0.0,8.0,0.0,0.0,0.0,14.0,0.0,0.0,0.0,10.0
A7P9LPMSBAAME,0.0,0.0,0.0,8.0,0.0,0.0,0.0,5.0,0.0,0.0,0.0,11.0
A7PBI5HADJYER,0.0,0.0,0.0,11.0,0.0,0.0,0.0,11.0,0.0,0.0,0.0,14.0
A7Y6AVS576M03,0.0,0.0,0.0,37.0,0.0,0.0,0.0,47.0,0.0,0.0,0.0,39.0
A81P47EIXM8HA,0.0,0.0,0.0,10.0,0.0,0.0,0.0,16.0,0.0,0.0,0.0,17.0
A82LIVYSX6WZ9,0.0,0.0,0.0,60.0,0.0,0.0,0.0,55.0,0.0,0.0,0.0,72.0
A82R4WKX62LEK,0.0,0.0,0.0,16.0,0.0,0.0,0.0,10.0,0.0,0.0,0.0,9.0
A84UFSF2SZS2W,0.0,0.0,0.0,16.0,0.0,0.0,0.0,11.0,0.0,0.0,0.0,18.0
A86R2KZIFHKLB,0.0,0.0,0.0,15.0,0.0,0.0,0.0,14.0,0.0,0.0,0.0,18.0
A8DI0COTCMRDV,0.0,0.0,0.0,15.0,0.0,0.0,0.0,15.0,0.0,0.0,0.0,22.0
A8F2AZWB20X1H,0.0,0.0,0.0,20.0,0.0,0.0,0.0,21.0,0.0,0.0,0.0,24.0
A8G9GETA2OLMZ,0.0,0.0,0.0,7.0,0.0,0.0,0.0,6.0,0.0,0.0,0.0,13.0
A8M4WE1MT4R4O,0.0,0.0,0.0,10.0,0.0,0.0,0.0,14.0,0.0,0.0,0.0,7.0
A8S11VP9Z36D6,0.0,0.0,0.0,6.0,0.0,0.0,0.0,3.0,0.0,0.0,0.0,6.0
A8X8D4BUY5DFU,0.0,0.0,0.0,14.0,0.0,0.0,0.0,13.0,0.0,0.0,0.0,13.0
A91LE0MPYE8GJ,0.0,0.0,0.0,16.0,0.0,0.0,0.0,13.0,0.0,0.0,0.0,16.0
A928WN8NV03WZ,0.0,0.0,0.0,16.0,0.0,0.0,0.0,11.0,0.0,0.0,0.0,12.0
A96JD9312DHWC,0.0,0.0,0.0,19.0,0.0,0.0,0.0,24.0,0.0,0.0,0.0,27.0
A96K1ZGW56S2I,0.0,0.0,0.0,97.0,0.0,0.0,0.0,107.0,0.0,0.0,0.0,109.0
A9I40WFF40R4,0.0,0.0,0.0,12.0,0.0,0.0,0.0,7.0,0.0,0.0,0.0,21.0
A9L6L5H9BPEBO,0.0,0.0,0.0,9.0,0.0,0.0,0.0,5.0,0.0,0.0,0.0,9.0
A9LAPV8XNKZVZ,0.0,0.0,0.0,48.0,0.0,0.0,0.0,52.0,0.0,0.0,0.0,69.0
A9LNWA25IM2DX,0.0,0.0,0.0,13.0,0.0,0.0,0.0,20.0,0.0,0.0,0.0,17.0
A9NCQGVV5W8N0,0.0,0.0,0.0,11.0,0.0,0.0,0.0,11.0,0.0,0.0,0.0,17.0
A9Q28YTLYREO7,0.0,0.0,0.0,40.0,0.0,0.0,0.0,43.0,0.0,0.0,0.0,43.0
A9RNMO9MUSMTJ,0.0,0.0,0.0,26.0,0.0,0.0,0.0,20.0,0.0,0.0,0.0,31.0
A9TG2NFA614S9,0.0,0.0,0.0,30.0,0.0,0.0,0.0,23.0,0.0,0.0,0.0,29.0
AAECAHBNP1VD2,0.0,0.0,0.0,18.0,0.0,0.0,0.0,25.0,0.0,0.0,0.0,18.0
AAEP8YFERQ8FC,0.0,0.0,0.0,14.0,0.0,0.0,0.0,15.0,0.0,0.0,0.0,16.0
AAI57M3OXP5NK,0.0,0.0,0.0,15.0,0.0,0.0,0.0,12.0,0.0,0.0,0.0,9.0
AAKGTWGAFT1LQ,0.0,0.0,0.0,12.0,0.0,0.0,0.0,14.0,0.0,0.0,0.0,15.0
AATKF0HDBQL86,0.0,0.0,0.0,10.0,0.0,0.0,0.0,16.0,0.0,0.0,0.0,19.0
AAU7CAQIN5BAE,0.0,0.0,0.0,23.0,0.0,0.0,0.0,13.0,0.0,0.0,0.0,19.0
AAZRWLML88IZK,0.0,0.0,0.0,6.0,0.0,0.0,0.0,6.0,0.0,0.0,0.0,7.0
AB0GGIQBNB36Q,0.0,0.0,0.0,13.0,0.0,0.0,0.0,14.0,0.0,0.0,0.0,18.0
AB0W9GTNGHSI3,0.0,0.0,0.0,13.0,0.0,0.0,0.0,14.0,0.0,0.0,0.0,19.0
AB1UMC7SB9D7Z,0.0,0.0,0.0,8.0,0.0,0.0,0.0,12.0,0.0,0.0,0.0,14.0
AB2AQMK9PCWWX,0.0,0.0,0.0,19.0,0.0,0.0,0.0,13.0,0.0,0.0,0.0,24.0
AB9QXH5URDLER,0.0,0.0,0.0,16.0,0.0,0.0,0.0,14.0,0.0,0.0,0.0,16.0
ABFOAYZA2UHD3,0.0,0.0,0.0,12.0,0.0,0.0,0.0,13.0,0.0,0.0,0.0,16.0
ABH4G7TVI6G2T,0.0,0.0,0.0,14.0,0.0,0.0,0.0,5.0,0.0,0.0,0.0,13.0
ABN5K7K1TM1QA,0.0,0.0,0.0,40.0,0.0,0.0,0.0,45.0,0.0,0.0,0.0,46.0
ABO092BYA4VMU,0.0,0.0,0.0,9.0,0.0,0.0,0.0,13.0,0.0,0.0,0.0,15.0
ABO2ZI2Y5DQ9T,0.0,0.0,0.0,122.0,0.0,0.0,0.0,127.0,0.0,0.0,0.0,153.0
ABP69F7LFTI1R,0.0,0.0,0.0,11.0,0.0,0.0,0.0,10.0,0.0,0.0,0.0,11.0
ABSX5TGEGRH76,0.0,0.0,0.0,33.0,0.0,0.0,0.0,38.0,0.0,0.0,0.0,27.0
ABX7SEE84DMLU,0.0,0.0,0.0,18.0,0.0,0.0,0.0,23.0,0.0,0.0,0.0,25.0
AC16NVPW23KGG,0.0,0.0,0.0,11.0,0.0,0.0,0.0,15.0,0.0,0.0,0.0,19.0
ACEA95FQS1AVP,0.0,0.0,0.0,13.0,0.0,0.0,0.0,7.0,0.0,0.0,0.0,18.0
ACIBQ6BQ6AWEV,0.0,0.0,0.0,14.0,0.0,0.0,0.0,15.0,0.0,0.0,0.0,28.0
ACKDSX71VI5HY,0.0,0.0,0.0,7.0,0.0,0.0,0.0,10.0,0.0,0.0,0.0,15.0
ACMAUJEBY6GJF,0.0,0.0,0.0,28.0,0.0,0.0,0.0,34.0,0.0,0.0,0.0,24.0
ACMOLKXVKQ06Z,0.0,0.0,0.0,5.0,0.0,0.0,0.0,7.0,0.0,0.0,0.0,6.0
ACO20QL72D1E6,0.0,0.0,0.0,14.0,0.0,0.0,0.0,13.0,0.0,0.0,0.0,25.0
ACVFTS9X2MKJ8,0.0,0.0,0.0,18.0,0.0,0.0,0.0,16.0,0.0,0.0,0.0,21.0
ACVNA57PI4DLV,0.0,0.0,0.0,10.0,0.0,0.0,0.0,8.0,0.0,0.0,0.0,11.0
AD0J5KK4WQXNS,0.0,0.0,0.0,52.0,0.0,0.0,0.0,42.0,0.0,0.0,0.0,47.0
AD2BIAIH78QI5,0.0,0.0,0.0,14.0,0.0,0.0,0.0,18.0,0.0,0.0,0.0,16.0
AD7IBJCYSJ9EE,0.0,0.0,0.0,19.0,0.0,0.0,0.0,13.0,0.0,0.0,0.0,18.0
AD9WTAOAFUZA4,0.0,0.0,0.0,7.0,0.0,0.0,0.0,7.0,0.0,0.0,0.0,9.0
ADB8XCKNSDY5Z,0.0,0.0,0.0,13.0,0.0,0.0,0.0,8.0,0.0,0.0,0.0,15.0
ADE852UR9121C,0.0,0.0,0.0,11.0,0.0,0.0,0.0,7.0,0.0,0.0,0.0,12.0
ADJBUPS8SJHTC,0.0,0.0,0.0,10.0,0.0,0.0,0.0,8.0,0.0,0.0,0.0,13.0
ADKA2MJQQCMTO,0.0,0.0,0.0,12.0,0.0,0.0,0.0,13.0,0.0,0.0,0.0,17.0
ADLVFFE4VBT8,0.0,0.0,0.0,13.0,0.0,0.0,0.0,9.0,0.0,0.0,0.0,10.0
ADS5APY1NKTL4,0.0,0.0,0.0,18.0,0.0,0.0,0.0,9.0,0.0,0.0,0.0,24.0
AE0E6UII0VSZA,0.0,0.0,0.0,17.0,0.0,0.0,0.0,17.0,0.0,0.0,0.0,18.0
AE42JLYPXUI45,0.0,0.0,0.0,12.0,0.0,0.0,0.0,9.0,0.0,0.0,0.0,9.0
AE4JNORCLW8F6,0.0,0.0,0.0,9.0,0.0,0.0,0.0,14.0,0.0,0.0,0.0,14.0
AE9GUE3HHOX3U,0.0,0.0,0.0,33.0,0.0,0.0,0.0,28.0,0.0,0.0,0.0,41.0
AE9V37MS6QY8D,0.0,0.0,0.0,10.0,0.0,0.0,0.0,7.0,0.0,0.0,0.0,19.0
AEGR40GALMDJ4,0.0,0.0,0.0,22.0,0.0,0.0,0.0,35.0,0.0,0.0,0.0,32.0
AEMZRE6QYVQBS,0.0,0.0,0.0,3.0,0.0,0.0,0.0,12.0,0.0,0.0,0.0,15.0
AEQFYOI6YJ83Z,0.0,0.0,0.0,35.0,0.0,0.0,0.0,28.0,0.0,0.0,0.0,37.0
AER15RIMV8E6D,0.0,0.0,0.0,72.0,0.0,0.0,0.0,69.0,0.0,0.0,0.0,96.0
AESY8NCX6VS6O,0.0,0.0,0.0,16.0,0.0,0.0,0.0,10.0,0.0,0.0,0.0,16.0
AEVNUEDRGTC4P,0.0,0.0,0.0,15.0,0.0,0.0,0.0,13.0,0.0,0.0,0.0,9.0
AF3X7J0XC391L,0.0,0.0,0.0,13.0,0.0,0.0,0.0,15.0,0.0,0.0,0.0,10.0
AF8C86SGYLH81,0.0,0.0,0.0,11.0,0.0,0.0,0.0,24.0,0.0,0.0,0.0,17.0
AFFVUZEGP1FDQ,0.0,0.0,0.0,5.0,0.0,0.0,0.0,8.0,0.0,0.0,0.0,9.0
AFJFXN42RZ3G2,0.0,0.0,0.0,11.0,0.0,0.0,0.0,15.0,0.0,0.0,0.0,18.0
AFLQGO7CJVK50,0.0,0.0,0.0,10.0,0.0,0.0,0.0,13.0,0.0,0.0,0.0,18.0
AFMUUJT7J32LN,0.0,0.0,0.0,8.0,0.0,0.0,0.0,12.0,0.0,0.0,0.0,14.0
AFOK05KDCHSHL,0.0,0.0,0.0,10.0,0.0,0.0,0.0,8.0,0.0,0.0,0.0,4.0
AFV2584U13XP3,0.0,0.0,0.0,12.0,0.0,0.0,0.0,9.0,0.0,0.0,0.0,8.0
AG0TA24LI0XV7,0.0,0.0,0.0,10.0,0.0,0.0,0.0,9.0,0.0,0.0,0.0,8.0
AG6UYD56VHOG1,0.0,0.0,0.0,9.0,0.0,0.0,0.0,14.0,0.0,0.0,0.0,11.0
AG8U6F6226GBZ,0.0,0.0,0.0,7.0,0.0,0.0,0.0,7.0,0.0,0.0,0.0,7.0
AGEIT17HENDIS,0.0,0.0,0.0,19.0,0.0,0.0,0.0,10.0,0.0,0.0,0.0,17.0
AGI3VJ0I04QO7,0.0,0.0,0.0,18.0,0.0,0.0,0.0,14.0,0.0,0.0,0.0,13.0
AGKPTMTR3UX1R,0.0,0.0,0.0,28.0,0.0,0.0,0.0,23.0,0.0,0.0,0.0,40.0
AGNOPNCN6FHB6,0.0,0.0,0.0,11.0,0.0,0.0,0.0,10.0,0.0,0.0,0.0,11.0
AGQY11NLQJ2JL,0.0,0.0,0.0,6.0,0.0,0.0,0.0,16.0,0.0,0.0,0.0,20.0
AGRR05FH945HR,0.0,0.0,0.0,10.0,0.0,0.0,0.0,11.0,0.0,0.0,0.0,8.0
AGU2ZGUBFCJTJ,0.0,0.0,0.0,39.0,0.0,0.0,0.0,39.0,0.0,0.0,0.0,46.0
AGVWTYW0ULXHT,0.0,0.0,0.0,16.0,0.0,0.0,0.0,24.0,0.0,0.0,0.0,24.0
AGZVS6M8XJGN6,0.0,0.0,0.0,29.0,0.0,0.0,0.0,55.0,0.0,0.0,0.0,43.0
AH1OH4PWR7NV6,0.0,0.0,0.0,6.0,0.0,0.0,0.0,10.0,0.0,0.0,0.0,16.0
AHABFECTNE15I,0.0,0.0,0.0,55.0,0.0,0.0,0.0,66.0,0.0,0.0,0.0,78.0
AHBNPMHDWZ7SB,0.0,0.0,0.0,13.0,0.0,0.0,0.0,17.0,0.0,0.0,0.0,19.0
AHCVWPLA1O4X8,0.0,0.0,0.0,7.0,0.0,0.0,0.0,13.0,0.0,0.0,0.0,9.0
AHF97M45JFCB,0.0,0.0,0.0,5.0,0.0,0.0,0.0,10.0,0.0,0.0,0.0,5.0
AHIK7BUXFRMT8,0.0,0.0,0.0,17.0,0.0,0.0,0.0,18.0,0.0,0.0,0.0,21.0
AHL35XZ3OND2Z,0.0,0.0,0.0,7.0,0.0,0.0,0.0,12.0,0.0,0.0,0.0,23.0
AIBRTGBN07D6A,0.0,0.0,0.0,10.0,0.0,0.0,0.0,9.0,0.0,0.0,0.0,10.0
AIFNOZKR9WTYI,0.0,0.0,0.0,15.0,0.0,0.0,0.0,17.0,0.0,0.0,0.0,25.0
AIFXFHO2N9WJB,0.0,0.0,0.0,73.0,0.0,0.0,0.0,91.0,0.0,0.0,0.0,106.0
AIIR8E34EDKCQ,0.0,0.0,0.0,18.0,0.0,0.0,0.0,25.0,0.0,0.0,0.0,40.0
AILBDL6ATVDCJ,0.0,0.0,0.0,26.0,0.0,0.0,0.0,19.0,0.0,0.0,0.0,25.0
AIMR915K4YCN,0.0,0.0,0.0,62.0,0.0,0.0,0.0,86.0,0.0,0.0,0.0,96.0
AIRHRV3D8X4J1,0.0,0.0,0.0,5.0,0.0,0.0,0.0,7.0,0.0,0.0,0.0,8.0
AIY4H4KWR2KWZ,0.0,0.0,0.0,6.0,0.0,0.0,0.0,7.0,0.0,0.0,0.0,3.0
AJ9W09EUQPAKE,0.0,0.0,0.0,19.0,0.0,0.0,0.0,22.0,0.0,0.0,0.0,16.0
AJD9EA658HCFW,0.0,0.0,0.0,10.0,0.0,0.0,0.0,16.0,0.0,0.0,0.0,19.0
AJKWF4W7QD4NS,0.0,0.0,0.0,158.0,0.0,0.0,0.0,133.0,0.0,0.0,0.0,164.0
AJLYAY1G5Z8GE,0.0,0.0,0.0,16.0,0.0,0.0,0.0,9.0,0.0,0.0,0.0,17.0
AJMU8VVFKMZI4,0.0,0.0,0.0,64.0,0.0,0.0,0.0,55.0,0.0,0.0,0.0,62.0
AJRFZ0VZ0LD26,0.0,0.0,0.0,29.0,0.0,0.0,0.0,20.0,0.0,0.0,0.0,31.0
AJUFIGATSP9AQ,0.0,0.0,0.0,16.0,0.0,0.0,0.0,14.0,0.0,0.0,0.0,18.0
AK0CENM3LUM28,0.0,0.0,0.0,12.0,0.0,0.0,0.0,13.0,0.0,0.0,0.0,15.0
AK1OBVI54SY73,0.0,0.0,0.0,17.0,0.0,0.0,0.0,11.0,0.0,0.0,0.0,12.0
AK2AQIULQDFS5,0.0,0.0,0.0,13.0,0.0,0.0,0.0,15.0,0.0,0.0,0.0,17.0
AK61LQI92GTCH,0.0,0.0,0.0,11.0,0.0,0.0,0.0,7.0,0.0,0.0,0.0,7.0
AK6UVFSU07NXH,0.0,0.0,0.0,15.0,0.0,0.0,0.0,14.0,0.0,0.0,0.0,21.0
AK7D1BHZOSOL1,0.0,0.0,0.0,26.0,0.0,0.0,0.0,22.0,0.0,0.0,0.0,26.0
AK81WLVD5KGUX,0.0,0.0,0.0,20.0,0.0,0.0,0.0,25.0,0.0,0.0,0.0,19.0
AKMEY1BSHSDG7,0.0,0.0,0.0,5.0,0.0,0.0,0.0,6.0,0.0,0.0,0.0,8.0
AKS9SJTHTU0OM,0.0,0.0,0.0,10.0,0.0,0.0,0.0,15.0,0.0,0.0,0.0,15.0
AKT8TGIT6VVZ5,0.0,0.0,0.0,18.0,0.0,0.0,0.0,20.0,0.0,0.0,0.0,25.0
AL277B4AQCWBG,0.0,0.0,0.0,31.0,0.0,0.0,0.0,23.0,0.0,0.0,0.0,35.0
AL4MKKO24563R,0.0,0.0,0.0,21.0,0.0,0.0,0.0,13.0,0.0,0.0,0.0,21.0
AL5OEDM8TPTKV,0.0,0.0,0.0,13.0,0.0,0.0,0.0,8.0,0.0,0.0,0.0,10.0
ALG7QH2L5JL2L,0.0,0.0,0.0,11.0,0.0,0.0,0.0,14.0,0.0,0.0,0.0,20.0
ALJGB7XHPFCR,0.0,0.0,0.0,15.0,0.0,0.0,0.0,19.0,0.0,0.0,0.0,19.0
ALLIGF5OZM1I6,0.0,0.0,0.0,7.0,0.0,0.0,0.0,6.0,0.0,0.0,0.0,26.0
ALN0TTRTLHA4E,0.0,0.0,0.0,15.0,0.0,0.0,0.0,16.0,0.0,0.0,0.0,15.0
ALR35EFI69S5R,0.0,0.0,0.0,19.0,0.0,0.0,0.0,31.0,0.0,0.0,0.0,40.0
ALWB64XOXNMDP,0.0,0.0,0.0,22.0,0.0,0.0,0.0,26.0,0.0,0.0,0.0,20.0
AM2PV53UX1JEQ,0.0,0.0,0.0,27.0,0.0,0.0,0.0,34.0,0.0,0.0,0.0,29.0
AMG2LF8MLUDN1,0.0,0.0,0.0,11.0,0.0,0.0,0.0,25.0,0.0,0.0,0.0,15.0
AMIGVTZZIWS6I,0.0,0.0,0.0,15.0,0.0,0.0,0.0,14.0,0.0,0.0,0.0,17.0
AMIOLJHCQHGBE,0.0,0.0,0.0,16.0,0.0,0.0,0.0,13.0,0.0,0.0,0.0,18.0
AMKZHBOK7VMQR,0.0,0.0,0.0,10.0,0.0,0.0,0.0,17.0,0.0,0.0,0.0,11.0
AMMEMPM9MPS55,0.0,0.0,0.0,7.0,0.0,0.0,0.0,5.0,0.0,0.0,0.0,7.0
AMNNPDX9MFEUD,0.0,0.0,0.0,14.0,0.0,0.0,0.0,12.0,0.0,0.0,0.0,16.0
AMP7TQRWAIE84,0.0,0.0,0.0,11.0,0.0,0.0,0.0,12.0,0.0,0.0,0.0,18.0
AMYMJ96STIRW,0.0,0.0,0.0,8.0,0.0,0.0,0.0,7.0,0.0,0.0,0.0,6.0
AMYW43AHO16SS,0.0,0.0,0.0,29.0,0.0,0.0,0.0,38.0,0.0,0.0,0.0,34.0
AN8M401S8Y6DA,0.0,0.0,0.0,17.0,0.0,0.0,0.0,14.0,0.0,0.0,0.0,19.0
AN9J46667D80O,0.0,0.0,0.0,33.0,0.0,0.0,0.0,23.0,0.0,0.0,0.0,19.0
ANAYSRE3LX8GZ,0.0,0.0,0.0,27.0,0.0,0.0,0.0,25.0,0.0,0.0,0.0,29.0
ANBQIWHO9JRFS,0.0,0.0,0.0,41.0,0.0,0.0,0.0,28.0,0.0,0.0,0.0,31.0
ANCOMAI0I7LVG,0.0,0.0,0.0,169.0,0.0,0.0,0.0,153.0,0.0,0.0,0.0,168.0
ANEDXRFDZDL18,0.0,0.0,0.0,16.0,0.0,0.0,0.0,6.0,0.0,0.0,0.0,18.0
ANGH6401L9Y0T,0.0,0.0,0.0,50.0,0.0,0.0,0.0,73.0,0.0,0.0,0.0,62.0
ANIMV3SPDD8SH,0.0,0.0,0.0,23.0,0.0,0.0,0.0,28.0,0.0,0.0,0.0,33.0
ANOAF9M5MTJHN,0.0,0.0,0.0,6.0,0.0,0.0,0.0,6.0,0.0,0.0,0.0,12.0
ANP3R2R4V4GAN,0.0,0.0,0.0,8.0,0.0,0.0,0.0,10.0,0.0,0.0,0.0,16.0
AO3JW5VHT2GQ,0.0,0.0,0.0,14.0,0.0,0.0,0.0,8.0,0.0,0.0,0.0,8.0
AO461REE0KA4J,0.0,0.0,0.0,8.0,0.0,0.0,0.0,9.0,0.0,0.0,0.0,18.0
AO4J90YPX5RU6,0.0,0.0,0.0,21.0,0.0,0.0,0.0,24.0,0.0,0.0,0.0,16.0
AOPQ0KA1B7BFD,0.0,0.0,0.0,11.0,0.0,0.0,0.0,4.0,0.0,0.0,0.0,5.0
AOTMP0OKJOUWI,0.0,0.0,0.0,11.0,0.0,0.0,0.0,7.0,0.0,0.0,0.0,9.0
AOVJYIUATQKR5,0.0,0.0,0.0,24.0,0.0,0.0,0.0,18.0,0.0,0.0,0.0,24.0
AOXL514GEE4AA,0.0,0.0,0.0,20.0,0.0,0.0,0.0,18.0,0.0,0.0,0.0,22.0
AOYTQFRLD8VLP,0.0,0.0,0.0,10.0,0.0,0.0,0.0,11.0,0.0,0.0,0.0,15.0
AP3B615GM191G,0.0,0.0,0.0,53.0,0.0,0.0,0.0,49.0,0.0,0.0,0.0,63.0
APBB297H3ZA5E,0.0,0.0,0.0,15.0,0.0,0.0,0.0,12.0,0.0,0.0,0.0,9.0
APIW11UEPKIC2,0.0,0.0,0.0,15.0,0.0,0.0,0.0,24.0,0.0,0.0,0.0,27.0
APM06HT7JIPZ5,0.0,0.0,0.0,20.0,0.0,0.0,0.0,22.0,0.0,0.0,0.0,19.0
APOGXH3A74CM3,0.0,0.0,0.0,35.0,0.0,0.0,0.0,37.0,0.0,0.0,0.0,43.0
APOUYO1BEPK22,0.0,0.0,0.0,13.0,0.0,0.0,0.0,13.0,0.0,0.0,0.0,15.0
APP5MBH2BSX6I,0.0,0.0,0.0,6.0,0.0,0.0,0.0,12.0,0.0,0.0,0.0,8.0
APQ8N1UKS1RDC,0.0,0.0,0.0,17.0,0.0,0.0,0.0,22.0,0.0,0.0,0.0,14.0
APRZ2IVM8JTLV,0.0,0.0,0.0,8.0,0.0,0.0,0.0,10.0,0.0,0.0,0.0,10.0
APW72P4COWTBK,0.0,0.0,0.0,7.0,0.0,0.0,0.0,5.0,0.0,0.0,0.0,12.0
APZ9MBMUKD2W,0.0,0.0,0.0,15.0,0.0,0.0,0.0,17.0,0.0,0.0,0.0,9.0
AQ01Q3070LT29,0.0,0.0,0.0,64.0,0.0,0.0,0.0,53.0,0.0,0.0,0.0,70.0
AQ0EO10KTRJ4V,0.0,0.0,0.0,34.0,0.0,0.0,0.0,26.0,0.0,0.0,0.0,35.0
AQ6SV7LDSMGBE,0.0,0.0,0.0,11.0,0.0,0.0,0.0,20.0,0.0,0.0,0.0,22.0
AQ8DU6XVA3USJ,0.0,0.0,0.0,5.0,0.0,0.0,0.0,9.0,0.0,0.0,0.0,13.0
AQ990HW13DP08,0.0,0.0,0.0,17.0,0.0,0.0,0.0,26.0,0.0,0.0,0.0,23.0
AQBRMBQ99ESI7,0.0,0.0,0.0,18.0,0.0,0.0,0.0,9.0,0.0,0.0,0.0,16.0
AQI2CW6UKF1ES,0.0,0.0,0.0,11.0,0.0,0.0,0.0,15.0,0.0,0.0,0.0,16.0
AQP1VPK16SVWM,0.0,0.0,0.0,101.0,0.0,0.0,0.0,115.0,0.0,0.0,0.0,131.0
AQUVTQFFXP4AC,0.0,0.0,0.0,7.0,0.0,0.0,0.0,15.0,0.0,0.0,0.0,22.0
AQZH7YTWQPOBE,0.0,0.0,0.0,63.0,0.0,0.0,0.0,73.0,0.0,0.0,0.0,74.0
AR14BIUHYR6B7,0.0,0.0,0.0,13.0,0.0,0.0,0.0,11.0,0.0,0.0,0.0,13.0
AR1T36GLLAFFX,0.0,0.0,0.0,8.0,0.0,0.0,0.0,7.0,0.0,0.0,0.0,5.0
AR2DE47VCY1C8,0.0,0.0,0.0,8.0,0.0,0.0,0.0,10.0,0.0,0.0,0.0,6.0
AR37967IAR6ZT,0.0,0.0,0.0,27.0,0.0,0.0,0.0,14.0,0.0,0.0,0.0,29.0
ARA48345JZPZR,0.0,0.0,0.0,29.0,0.0,0.0,0.0,36.0,0.0,0.0,0.0,48.0
ARFCORBCTKX1J,0.0,0.0,0.0,24.0,0.0,0.0,0.0,24.0,0.0,0.0,0.0,24.0
ARMVAHWQQ9S8A,0.0,0.0,0.0,17.0,0.0,0.0,0.0,17.0,0.0,0.0,0.0,18.0
ARYSE5JQ3AG7L,0.0,0.0,0.0,10.0,0.0,0.0,0.0,10.0,0.0,0.0,0.0,13.0
AS28WVBBZ3G99,0.0,0.0,0.0,7.0,0.0,0.0,0.0,10.0,0.0,0.0,0.0,14.0
AS558SNWF1DXG,0.0,0.0,0.0,14.0,0.0,0.0,0.0,12.0,0.0,0.0,0.0,20.0
AS6SH2JM2YY3H,0.0,0.0,0.0,18.0,0.0,0.0,0.0,21.0,0.0,0.0,0.0,24.0
AS7B4W4KOPQNV,0.0,0.0,0.0,9.0,0.0,0.0,0.0,7.0,0.0,0.0,0.0,14.0
ASEBX8TBYWQWA,0.0,0.0,0.0,6.0,0.0,0.0,0.0,4.0,0.0,0.0,0.0,10.0
ASHT96DUVMF1S,0.0,0.0,0.0,5.0,0.0,0.0,0.0,15.0,0.0,0.0,0.0,18.0
ASIA7V7CBSKD3,0.0,0.0,0.0,22.0,0.0,0.0,0.0,23.0,0.0,0.0,0.0,27.0
ASJ54MITON1NO,0.0,0.0,0.0,27.0,0.0,0.0,0.0,35.0,0.0,0.0,0.0,34.0
ASJ89T42CIUHU,0.0,0.0,0.0,19.0,0.0,0.0,0.0,16.0,0.0,0.0,0.0,19.0
AT07UZQQR7ZEH,0.0,0.0,0.0,21.0,0.0,0.0,0.0,9.0,0.0,0.0,0.0,22.0
AT2BYFEVLVITT,0.0,0.0,0.0,6.0,0.0,0.0,0.0,36.0,0.0,0.0,0.0,21.0
AT6CZDCP4TRGA,0.0,0.0,0.0,19.0,0.0,0.0,0.0,21.0,0.0,0.0,0.0,25.0
AT7W1EXT0PF2Y,0.0,0.0,0.0,10.0,0.0,0.0,0.0,10.0,0.0,0.0,0.0,12.0
ATE5SA1VTJNP8,0.0,0.0,0.0,9.0,0.0,0.0,0.0,8.0,0.0,0.0,0.0,10.0
ATHTCOG6BB6WK,0.0,0.0,0.0,3.0,0.0,0.0,0.0,4.0,0.0,0.0,0.0,2.0
ATOSQVSOA3D8Q,0.0,0.0,0.0,10.0,0.0,0.0,0.0,11.0,0.0,0.0,0.0,13.0
ATQTE464YAZM1,0.0,0.0,0.0,14.0,0.0,0.0,0.0,16.0,0.0,0.0,0.0,11.0
ATS1HA5M3EPZ4,0.0,0.0,0.0,30.0,0.0,0.0,0.0,37.0,0.0,0.0,0.0,31.0
ATS7LYGLUX34L,0.0,0.0,0.0,29.0,0.0,0.0,0.0,21.0,0.0,0.0,0.0,26.0
ATU6AN7OFVO0M,0.0,0.0,0.0,15.0,0.0,0.0,0.0,13.0,0.0,0.0,0.0,11.0
ATXL536YX71TR,0.0,0.0,0.0,16.0,0.0,0.0,0.0,17.0,0.0,0.0,0.0,20.0
ATZ1LTONGHOP6,0.0,0.0,0.0,14.0,0.0,0.0,0.0,14.0,0.0,0.0,0.0,16.0
AU25GMX57XBVO,0.0,0.0,0.0,15.0,0.0,0.0,0.0,17.0,0.0,0.0,0.0,31.0
AUDSM2CTLLW1Q,0.0,0.0,0.0,11.0,0.0,0.0,0.0,25.0,0.0,0.0,0.0,17.0
AUEHG0DB54B7K,0.0,0.0,0.0,20.0,0.0,0.0,0.0,18.0,0.0,0.0,0.0,23.0
AUGABW5AS2OXM,0.0,0.0,0.0,20.0,0.0,0.0,0.0,23.0,0.0,0.0,0.0,25.0
AUHG8KSHI529U,0.0,0.0,0.0,43.0,0.0,0.0,0.0,58.0,0.0,0.0,0.0,64.0
AUM3YMZ0YRJE0,0.0,0.0,0.0,58.0,0.0,0.0,0.0,68.0,0.0,0.0,0.0,80.0
AURZ4YQ270W3T,0.0,0.0,0.0,12.0,0.0,0.0,0.0,17.0,0.0,0.0,0.0,17.0
AUSATFDSU2INS,0.0,0.0,0.0,15.0,0.0,0.0,0.0,20.0,0.0,0.0,0.0,29.0
AUTBHG6070SL4,0.0,0.0,0.0,67.0,0.0,0.0,0.0,54.0,0.0,0.0,0.0,66.0
AUUH6Z8MSGGF,0.0,0.0,0.0,14.0,0.0,0.0,0.0,13.0,0.0,0.0,0.0,24.0
AV1KYJXHOWPMD,0.0,0.0,0.0,32.0,0.0,0.0,0.0,30.0,0.0,0.0,0.0,40.0
AV3JZAYAP7GHC,0.0,0.0,0.0,8.0,0.0,0.0,0.0,9.0,0.0,0.0,0.0,5.0
AV5G37VFE5NVD,0.0,0.0,0.0,44.0,0.0,0.0,0.0,35.0,0.0,0.0,0.0,50.0
AV6QDP8Q0ONK4,0.0,0.0,0.0,22.0,0.0,0.0,0.0,15.0,0.0,0.0,0.0,25.0
AVCRD98TH48RN,0.0,0.0,0.0,32.0,0.0,0.0,0.0,26.0,0.0,0.0,0.0,38.0
AVF60NZ99H9D5,0.0,0.0,0.0,10.0,0.0,0.0,0.0,9.0,0.0,0.0,0.0,13.0
AVOCNUFOXUCA6,0.0,0.0,0.0,33.0,0.0,0.0,0.0,18.0,0.0,0.0,0.0,29.0
AVQJD41PLPOOQ,0.0,0.0,0.0,11.0,0.0,0.0,0.0,15.0,0.0,0.0,0.0,17.0
AVT9Q9PTUCDMR,0.0,0.0,0.0,12.0,0.0,0.0,0.0,11.0,0.0,0.0,0.0,12.0
AW003H7Z3OCHA,0.0,0.0,0.0,10.0,0.0,0.0,0.0,18.0,0.0,0.0,0.0,15.0
AW1493ZQTQ2ET,0.0,0.0,0.0,12.0,0.0,0.0,0.0,12.0,0.0,0.0,0.0,17.0
AW3VZ5O895LRK,0.0,0.0,0.0,17.0,0.0,0.0,0.0,17.0,0.0,0.0,0.0,33.0
AW4MT9WP95TVD,0.0,0.0,0.0,41.0,0.0,0.0,0.0,32.0,0.0,0.0,0.0,44.0
AW99SBGWEXP0J,0.0,0.0,0.0,71.0,0.0,0.0,0.0,67.0,0.0,0.0,0.0,76.0
AWEOR1WZSMBEZ,0.0,0.0,0.0,6.0,0.0,0.0,0.0,12.0,0.0,0.0,0.0,13.0
AWG2O9C42XW5G,0.0,0.0,0.0,88.0,0.0,0.0,0.0,85.0,0.0,0.0,0.0,100.0
AWJOVW1BZZ34H,0.0,0.0,0.0,13.0,0.0,0.0,0.0,16.0,0.0,0.0,0.0,14.0
AWPODHOB4GFWL,0.0,0.0,0.0,12.0,0.0,0.0,0.0,13.0,0.0,0.0,0.0,14.0
AWSYTZ2I2MW0V,0.0,0.0,0.0,17.0,0.0,0.0,0.0,13.0,0.0,0.0,0.0,14.0
AX9J0U8J6XTCY,0.0,0.0,0.0,30.0,0.0,0.0,0.0,22.0,0.0,0.0,0.0,30.0
AXFI7TAWD6H6X,0.0,0.0,0.0,8.0,0.0,0.0,0.0,14.0,0.0,0.0,0.0,14.0
AXOS8IWBXNZGT,0.0,0.0,0.0,16.0,0.0,0.0,0.0,24.0,0.0,0.0,0.0,23.0
AXQ8T2D9IT6UG,0.0,0.0,0.0,10.0,0.0,0.0,0.0,22.0,0.0,0.0,0.0,17.0
AXSH6O4OP5L4M,0.0,0.0,0.0,3.0,0.0,0.0,0.0,5.0,0.0,0.0,0.0,12.0
AXV9GS0TMSVW,0.0,0.0,0.0,14.0,0.0,0.0,0.0,12.0,0.0,0.0,0.0,12.0
AY12DBB0U420B,0.0,0.0,0.0,30.0,0.0,0.0,0.0,30.0,0.0,0.0,0.0,29.0
AY39CRKDV5L8S,0.0,0.0,0.0,3.0,0.0,0.0,0.0,3.0,0.0,0.0,0.0,6.0
AY46DEOJJYFTW,0.0,0.0,0.0,10.0,0.0,0.0,0.0,10.0,0.0,0.0,0.0,11.0
AY69ZK7G6CNYJ,0.0,0.0,0.0,23.0,0.0,0.0,0.0,36.0,0.0,0.0,0.0,33.0
AY6A8KPYCE6B0,0.0,0.0,0.0,9.0,0.0,0.0,0.0,12.0,0.0,0.0,0.0,14.0
AYBL30P5NXNZ4,0.0,0.0,0.0,19.0,0.0,0.0,0.0,29.0,0.0,0.0,0.0,33.0
AYG1U47VFZ165,0.0,0.0,0.0,15.0,0.0,0.0,0.0,21.0,0.0,0.0,0.0,18.0
AYQF4Z1EQDACU,0.0,0.0,0.0,30.0,0.0,0.0,0.0,42.0,0.0,0.0,0.0,42.0
AYSIGFYKISNHB,0.0,0.0,0.0,8.0,0.0,0.0,0.0,8.0,0.0,0.0,0.0,8.0
AYUFQY3XG4ZBR,0.0,0.0,0.0,5.0,0.0,0.0,0.0,6.0,0.0,0.0,0.0,4.0
AYWAY5MKLAITN,0.0,0.0,0.0,32.0,0.0,0.0,0.0,31.0,0.0,0.0,0.0,36.0
AYWSFRCIMOAYE,0.0,0.0,0.0,57.0,0.0,0.0,0.0,46.0,0.0,0.0,0.0,53.0
AYZLXLVMJGTJV,0.0,0.0,0.0,15.0,0.0,0.0,0.0,16.0,0.0,0.0,0.0,21.0
AZ1H3VLCDR298,0.0,0.0,0.0,9.0,0.0,0.0,0.0,14.0,0.0,0.0,0.0,7.0
AZ5250G2U795I,0.0,0.0,0.0,27.0,0.0,0.0,0.0,17.0,0.0,0.0,0.0,22.0
AZ78HT7H9DVJG,0.0,0.0,0.0,15.0,0.0,0.0,0.0,13.0,0.0,0.0,0.0,20.0
AZAEJB1ECT9HC,0.0,0.0,0.0,7.0,0.0,0.0,0.0,6.0,0.0,0.0,0.0,6.0
AZCDCO6KK2T81,0.0,0.0,0.0,38.0,0.0,0.0,0.0,38.0,0.0,0.0,0.0,35.0
AZDVOFC2MTIM5,0.0,0.0,0.0,9.0,0.0,0.0,0.0,6.0,0.0,0.0,0.0,7.0
AZQ7O73EAS3VI,0.0,0.0,0.0,7.0,0.0,0.0,0.0,16.0,0.0,0.0,0.0,20.0
AZSN1TO0JI87B,0.0,0.0,0.0,24.0,0.0,0.0,0.0,35.0,0.0,0.0,0.0,36.0
